"Attained Age","Policies","Exposure","Deaths_Num","Deaths_Amt","EDeaths_Num_QX2001VBT","EDeaths_Amt_QX2001VBT","EDeaths_Num_QX2008VBT","EDeaths_Amt_QX2008VBT","EDeaths_Num_QX2008VBTLU","EDeaths_Amt_QX2008VBTLU","EDeaths_Num_QX2015VBT","EDeaths_Amt_QX2015VBT","EDeaths_Num_QX7580E","EDeaths_Amt_QX7580E","Deaths_Num_Cap","AE_Num_QX2001VBT","AE_Amt_QX2001VBT","AE_Num_QX2008VBT","AE_Amt_QX2008VBT","AE_Num_QX2008VBTLU","AE_Amt_QX2008VBTLU","AE_Num_QX2015VBT","AE_Amt_QX2015VBT","AE_Num_QX7580E","AE_Amt_QX7580E","Cred_AE_Num_QX2001VBT","Cred_AE_Amt_QX2001VBT","Cred_AE_Num_QX2008VBT","Cred_AE_Amt_QX2008VBT","Cred_AE_Num_QX2008VBTLU","Cred_AE_Amt_QX2008VBTLU","Cred_AE_Num_QX2015VBT","Cred_AE_Amt_QX2015VBT","Cred_AE_Num_QX7580E","Cred_AE_Amt_QX7580E"
0,405783.671583,28317681931.9193,212,10222834,227.76051798555,16944581.6383347,171.70439546061,12442501.3977487,171.70439546061,12442501.3977487,90.58208113543,6567445.21023277,413.69186961199,29533396.6851779,212,0.930802238575213,0.603309908630159,1.2346800990813,0.821606015800785,1.2346800990813,0.821606015800785,2.34041873781898,1.55659220180044,0.512458705555029,0.34614487825339,0.981626442133019,0.894669882392596,1.06231283052972,0.952632395552734,1.06231283052972,0.952632395552734,1.35591124247671,1.14778771476887,0.87054685004855,0.826386798233475
1,584594.134162,42519124031.2062,107,11897345,195.31709277703,14712281.572894,174.31728177724,13040185.3340456,174.31728177724,13040185.3340456,76.92256316867,5740237.64727597,282.90198916445,20512421.1097957,107,0.547827117835248,0.808667570767521,0.613823247523646,0.912360115690855,0.613823247523646,0.912360115690855,1.39100929028299,2.07262237751531,0.378222861974298,0.580006862004137,0.914703799125462,0.963907766340396,0.927153062132775,0.983467940092147,0.927153062132775,0.983467940092147,1.07375852972014,1.20233547252339,0.882710286803727,0.920774065678335
2,690214.099024,49886823466.5818,87,7094942,154.45850850076,11560538.5749997,158.1895188724,11638049.7310565,158.1895188724,11638049.7310565,68.77585294198,5069753.39250938,254.3030018094,18375396.6509533,87,0.563258060979994,0.613720714997065,0.549973225913764,0.609633243022405,0.549973225913764,0.609633243022405,1.26497885927193,1.39946491489761,0.342111573127267,0.386110957753499,0.925712146446609,0.93429561855361,0.923452455325359,0.933600357823352,0.923452455325359,0.933600357823352,1.04507172069737,1.06794719821096,0.888096116393911,0.895580215239301
3,768222.592077,54841058514.3677,96,5490207,116.01083446159,8383451.71910323,137.68856973341,10043793.2700957,137.68856973341,10043793.2700957,65.42041664331,4659345.90141512,253.34681882949,18109341.0307252,96,0.827508917124328,0.654886219179811,0.697225631625584,0.546626842305339,0.697225631625584,0.546626842305339,1.46743180379633,1.17832140308204,0.37892719728449,0.303169893961633,0.96917979301192,0.938336069424624,0.945901152984757,0.918992597588015,0.945901152984757,0.918992597588015,1.08351936057007,1.03186195171234,0.889028510835221,0.875492415343536
4,832720.260016,58432663121.6036,69,4315602,107.26577910985,7514587.97989957,122.79342135673,8662298.6780237,122.79342135673,8662298.6780237,64.88309689445,4485580.82961504,238.95211656146,16754057.1285227,69,0.643262003712644,0.574296556450415,0.561919353965605,0.498205171676741,0.561919353965605,0.498205171676741,1.06345108822791,0.962105502927784,0.288760781837447,0.257585489108364,0.945961012911097,0.935514065983744,0.933639156407993,0.923987675741733,0.933639156407993,0.923987675741733,1.00961162694529,0.994259708078933,0.8922608543878,0.887538393481442
5,893552.36079,61732330649.3707,67,4706128,114.78190219534,7912962.18345428,120.76084658715,8331742.28916115,120.76084658715,8331742.28916115,71.5717074502,4937171.55294706,224.39332753171,15433487.9027011,67,0.58371571405026,0.594736571576235,0.554815587117036,0.564843202858333,0.554815587117036,0.564843202858333,0.936124096894279,0.953203256060822,0.298582853318274,0.304929645824024,0.937861508691988,0.939506585104186,0.933547605076473,0.935044420917501,0.933547605076473,0.935044420917501,0.990465284460905,0.993014679716114,0.895299907434807,0.89624728912627
6,947724.527699,64249241832.3345,76,5369543,124.854485595,8399189.06049863,118.59104113687,8028958.47637104,118.59104113687,8028958.47637104,73.11692115812,5015304.4120317,217.79873654384,14619058.6851202,76,0.608708606966088,0.639293027139126,0.640857852932464,0.668772047557897,0.640857852932464,0.668772047557897,1.03943107554604,1.07063152280816,0.348946009540795,0.367297451611254,0.937792839618137,0.942655123748996,0.94290389837279,0.947341672402346,0.94290389837279,0.947341672402346,1.00626871759561,1.0112289371695,0.896496011098722,0.899413507165436
7,997246.24789,65972554907.84,72,3514233,135.8618866231,8905215.09138615,116.86105877645,7784794.48814936,116.86105877645,7784794.48814936,74.83094868705,4946746.6897506,210.0504060538,13715642.8648407,72,0.529949949832054,0.394626403061196,0.616116273066914,0.451422706835697,0.616116273066914,0.451422706835697,0.962168745195397,0.710412968442736,0.342774867007678,0.256220800922759,0.927264967448036,0.906325149282059,0.940598250410417,0.915113747437497,0.940598250410417,0.915113747437497,0.994146032856052,0.955189618298268,0.898301699095479,0.884908417227001
8,1045935.941934,67316694506.3227,89,5110213,143.76962055062,9163167.59178872,109.85432321471,7066566.80255188,109.85432321471,7066566.80255188,78.47624495669,5047065.9673622,216.76006707936,13661384.618385,89,0.61904594071502,0.557690661969269,0.810163836939305,0.723153568456269,0.810163836939305,0.723153568456269,1.13410115442091,1.01251163211382,0.410592233150654,0.374062596343483,0.934460836373342,0.923905302037721,0.96734067258282,0.952371465445318,0.96734067258282,0.952371465445318,1.02307070180224,1.00215249551582,0.898598555041345,0.892314012888359
9,1097439.6679,69079419220.7451,69,3777744,153.67299241549,9552719.91682971,109.74396679,6907941.92207451,109.74396679,6907941.92207451,82.34481038834,5180867.98517753,235.75530471763,14554840.5816203,69,0.449005377688246,0.395462657011903,0.628736157606136,0.546869681681619,0.628736157606136,0.546869681681619,0.837939873497728,0.729172024998153,0.292676341186227,0.25955241342667,0.916534847448165,0.908424148780107,0.943760624899799,0.931359418744189,0.943760624899799,0.931359418744189,0.975450988751341,0.958974738893107,0.892853986779911,0.887836344916243
10,1150854.090737,70938228519.0762,86,6309612,165.92308844918,10046818.1631398,103.57686816633,6384440.56671686,103.57686816633,6384440.56671686,89.88268819762,5479525.29394513,263.06670098862,15764655.6332922,86,0.518312435019197,0.62802092140465,0.830301219977959,0.988279542125124,0.830301219977959,0.988279542125124,0.956802713898773,1.15148879903376,0.326913287302448,0.400237857823878,0.918539335865901,0.937092702844477,0.971301365598066,0.998017893024743,0.971301365598066,0.998017893024743,0.992694684541552,1.02561905076096,0.88617084055644,0.89857113619675
11,1201114.824604,72547080945.5497,99,3993029,192.95868555183,11234564.3552808,118.69781108606,6999555.37756348,118.69781108606,6999555.37756348,99.80094480094,5967540.43044946,311.48285721837,18224254.9335847,99,0.513063196491396,0.355423572621493,0.834050763819238,0.570468949042012,0.834050763819238,0.570468949042012,0.99197457696881,0.669124750228003,0.317834505834761,0.219105198788754,0.91164655582487,0.883043247126452,0.969888933288356,0.922062683578546,0.969888933288356,0.922062683578546,0.998543807408561,0.939963527712389,0.876222806588775,0.858308625003639
12,1252748.663699,74074137662.4222,121,4804212,240.958782538,13636568.8211874,168.66644326032,9658662.88035603,168.66644326032,9658662.88035603,114.44959313047,6644380.82718924,369.63323018017,21128778.2711321,121,0.502160571719016,0.352303578927832,0.717392254565115,0.497399283887514,0.717392254565115,0.497399283887514,1.05723399000696,0.723048862633047,0.32735152069802,0.227377652335153,0.900134550681572,0.870073581082849,0.943309533404828,0.899179447245371,0.943309533404828,0.899179447245371,1.01148100733618,0.944444236030276,0.865068255339278,0.845013726274288
13,1307634.850514,75988815037.726,182,10405087,301.38150965831,16706459.8892816,264.74462613856,14851218.5158454,264.74462613856,14851218.5158454,145.30064504905,8139507.3691777,452.36463055338,25496466.1876776,182,0.603885753330859,0.622818183442658,0.687454935930394,0.70062176978262,0.687454935930394,0.70062176978262,1.25257530645209,1.27834358125917,0.402330305482457,0.408099182192894,0.9025482948609,0.907206035935189,0.923107917267534,0.92634721103435,0.923107917267534,0.92634721103435,1.06213837168635,1.06847786171873,0.852961787336702,0.85438104169803
14,1364459.555195,77930955207.3083,263,10301975,394.26245940053,21430363.0989668,383.57694929858,21321990.6801018,383.57694929858,21321990.6801018,226.47192385635,12452193.6239514,622.15112603188,34517961.811913,263,0.667068329051383,0.480718639830078,0.685651211525952,0.483161969000111,0.685651211525952,0.483161969000111,1.16129185252482,0.827322101720651,0.422726872934284,0.298452586978775,0.901538540138148,0.846427344518781,0.907034255615363,0.847149936503854,0.907034255615363,0.847149936503854,1.0477005723672,0.948932109997174,0.829276816266967,0.792523846555181
15,1417561.809622,79827526812.6486,335,13432528,530.27801060618,28539022.6671927,520.92645747497,28617071.3083297,520.92645747497,28617071.3083297,358.5554328172,19573274.0266806,786.74161722549,43072848.878022,335,0.631744091400376,0.470672319674124,0.643085017458719,0.469388633633174,0.643085017458719,0.469388633633174,0.934304627231212,0.686268836868577,0.425806888392921,0.311856038081892,0.877084850641298,0.823322886700271,0.880870184665206,0.82289442253237,0.880870184665206,0.82289442253237,0.978072431785934,0.895283926546026,0.808347862381063,0.770313752246094
16,1488546.747176,83070911874.2525,455,17712400,689.35999566439,37624035.4600249,653.90643755692,35691872.4674999,653.90643755692,35691872.4674999,521.84950963811,28565900.875986,1036.74751624281,56776815.3471354,455,0.660032498058552,0.470773530362505,0.695818199465874,0.496258637484723,0.695818199465874,0.496258637484723,0.871898874285676,0.620053961430986,0.438872524767581,0.311965366350785,0.867755874710814,0.794135936060299,0.88167617224939,0.804049400376837,0.88167617224939,0.804049400376837,0.950169880291768,0.852204604143886,0.781726748250717,0.732361070467033
17,1565036.029436,86965934255.2359,662,30524379,823.33283075813,44974761.9914848,780.92130200075,42527674.6071782,780.92130200075,42527674.6071782,699.48233732492,38318935.4747077,1221.32666361759,67122728.0573473,662,0.804049073799749,0.678700178686421,0.847716662746849,0.717753304923186,0.847716662746849,0.717753304923186,0.946414176134502,0.796587343094318,0.54203352773708,0.454754743786949,0.908058919933296,0.849244639106116,0.928547954456165,0.867568546401763,0.928547954456165,0.867568546401763,0.974857283821036,0.904557841405485,0.78512001494108,0.744168406194496
18,1670883.761777,95175782710.1478,864,38946328,950.56194277683,53328220.2446846,906.97084365314,50271980.5358978,934.84448946684,52627587.3656102,856.35783075674,48441491.5625808,1381.12960079483,77419243.2346831,864,0.908936031539448,0.730313665472118,0.952621582100633,0.774712425984283,0.924217888359973,0.740036356396792,1.0089240373227,0.803986969511165,0.625574891380776,0.503057461850162,0.951186861773027,0.855439681053019,0.974603684629679,0.879238806773368,0.959378415490217,0.860651347797477,1.00478356340866,0.89493087866378,0.799296418861902,0.733623240721395
19,1779430.197938,103821087276.687,1062,46764349,1048.81929423981,59792005.6535372,1020.70492533642,57340785.5854452,1073.78160966383,62137135.8558289,969.28050667171,55907429.4900172,1531.2508881627,87242666.2705519,1062,1.01256718467383,0.782117082189457,1.04045740707087,0.815551243718402,0.989027927506117,0.752599043324157,1.09565806047897,0.836460367192346,0.693550618131729,0.536026132614713,1.00746850268346,0.870515218914767,1.02404327310507,0.89038467508805,0.993479450251547,0.852973059855458,1.05684825200903,0.90281067572598,0.817881403812383,0.724266797730823
20,1885666.161054,116970971498.351,1193,70640128,1119.47603094949,66903220.9256858,1123.73241257465,66253881.4795201,1203.955795415,74731555.6218463,1035.48382185903,62397948.0222292,1659.86574041504,99035108.9578593,1193,1.06567712663589,1.05585541357516,1.06164064206945,1.0662036158868,0.990900168048758,0.945251673301844,1.15211843470251,1.13209056129273,0.718732829380343,0.713283690434048,1.04136829788033,1.03518185866773,1.03882582221967,1.04169991963783,0.994268254747092,0.965515466292318,1.09581540853257,1.08320037685315,0.822837193188145,0.819404923619299
21,1984343.811983,131705554532.565,1398,104290733,1171.25031490815,73288602.6547561,1211.83304543304,74928074.1051429,1324.29896056413,88461432.490725,1087.68682546429,67891166.3697886,1749.56412529236,109156896.561392,1398,1.19359626392897,1.42301434632731,1.15362425976792,1.39187793421267,1.05565287116474,1.17894013315842,1.28529643576702,1.53614584306816,0.799056164784122,0.955420466185067,1.1320030128136,1.28843102157729,1.10474822560659,1.26720075543514,1.03794673779535,1.12200977545127,1.19452849090128,1.36556938215734,0.862987068466637,0.969603582972263
22,2099670.555951,152602413646.387,1399,86096410,1225.56126643495,81336118.0561708,1274.23945670129,83848855.2185394,1427.42634340367,104620433.442217,1142.48628210465,75385339.8241404,1816.09549582954,120107700.3635,1399,1.14151779948918,1.05852617579489,1.09790981015584,1.0268048356248,0.98008559703621,0.822940673893808,1.22452236137384,1.14208425936457,0.770333940705567,0.716826729172513,1.09652797825758,1.03992016159819,1.06678337325793,1.01828332972762,0.986416570472124,0.879229476133944,1.15314461993659,1.09691435528388,0.843346911426704,0.806850138793653
23,2237282.198983,182459020606.982,1438,85275572,1278.88680821094,91371615.1315157,1306.17313454533,93201553.790118,1507.25794008815,124347457.271443,1196.80206728964,83556831.6449018,1875.39181270652,134976415.29563,1438,1.12441538279032,0.933282966239118,1.10092602731456,0.91495869470195,0.954050373034293,0.685784606064346,1.20153535768583,1.02056971669776,0.766773103229406,0.631781276849193,1.0860373071431,0.953862988670496,1.06979364943506,0.941191155469019,0.968224329824053,0.782709776308824,1.13936829257386,1.01422463198425,0.838715971438181,0.745364707570301
24,2384660.800615,222197119290.75,1489,86933626,1340.17103155662,103757484.547859,1308.49421356452,102475766.676946,1556.83460933814,145860221.636975,1226.51007981139,91423452.1957636,1928.13556242356,154839511.326277,1489,1.11105222015619,0.837854024495946,1.13794924315619,0.848333501851781,0.956427863993222,0.596006402735115,1.21401366732263,0.950889776223397,0.772248605864833,0.561443427813552,1.07814620282458,0.885899694115911,1.09707333648997,0.893273984893644,0.969338776180281,0.715714232932137,1.15059901936498,0.965441685878868,0.839733896227966,0.691392654807517
25,2585302.104074,276910821239.384,1637,101523962,1417.27733559582,119650768.117203,1313.24973810925,114159360.135059,1616.82560338918,170947166.787997,1239.92536615798,99420484.2650803,1991.59889906785,181840711.229551,1637,1.15503152339045,0.848502384042806,1.24652604336847,0.889317896315198,1.01247778150502,0.593890872294517,1.32024075374181,1.02115738774025,0.82195265360218,0.558312609500513,1.11438725554312,0.888220175279933,1.18189486179403,0.918335175960583,1.00920650942732,0.700359594272661,1.23628395136987,1.01561060270287,0.868630928305534,0.674108805084784
26,2754668.950697,340194133434.21,1740,113885274,1505.71546678598,139949012.115705,1301.60929893512,126020986.492136,1656.43280055748,199404585.545483,1234.09355992276,106862827.999038,2037.36361689807,212965731.202857,1740,1.15559681651814,0.813762614528806,1.33680667572331,0.903700861023706,1.050450099403,0.571126655329717,1.40994172282116,1.06571458132312,0.854044896830536,0.534758683271539,1.11836099768645,0.858331017021055,1.25620558992233,0.926746173728744,1.03837690405461,0.673760182938052,1.31183871490557,1.04998844823439,0.888973360669288,0.646095417340891
27,2950035.981719,420264581555.371,1753,119434719,1610.46355087309,167801700.987408,1316.37427578606,142098090.233352,1731.03853338654,236996991.958603,1235.8198584147,116512935.861361,2099.82974129874,253262605.775898,1753,1.08850647321365,0.711761074513556,1.33168813174598,0.840508966755749,1.01268687333638,0.503950358242783,1.41849152857014,1.02507689911887,0.834829589048383,0.47158449876206,1.06757705781171,0.779921876627449,1.25325275361892,0.878224333400123,1.00968676687447,0.621252840596338,1.31952946708913,1.0191468827077,0.873887976727784,0.596540641840267
28,3175390.702733,519845533079.524,1829,148060074,1718.2979363967,205522927.801844,1368.21680421607,165368155.695246,1851.5842910921,287029311.812447,1249.83485098078,129758157.700874,2204.02432147357,306838004.900735,1829,1.06442541846698,0.720406601752738,1.3367764482676,0.895336066230654,0.987802720513048,0.515836076340337,1.46339334238018,1.14104636366152,0.829845651965022,0.482534991217593,1.05024552481832,0.781944496986499,1.26265268883476,0.91837236905979,0.990487315041783,0.622399496638931,1.36140148157739,1.11000236761398,0.867296251688,0.596427907492489
29,3421710.096901,640226021370.873,1944,155023553,1838.05940336607,252630441.436335,1436.69645127955,194969282.76014,1995.14058714368,347462019.544341,1293.83839974049,148787233.021452,2339.55197042742,376740855.579987,1944,1.05763719955945,0.613637660285953,1.35310419836329,0.795117829872291,0.974367426800286,0.446159707479098,1.50250603196652,1.04191434877782,0.830928324983883,0.411485907896406,1.04634301530022,0.689346533876432,1.28391235855318,0.835265113198668,0.979390207347718,0.55468639444039,1.40403844922861,1.03370110486902,0.864058433060668,0.526807031167019
30,3672951.798696,777497354658.236,2065,200462101,1976.0901418156,311358919.809593,1524.01563891694,230480286.929095,2169.43262488523,420907478.524377,1366.13109889858,174300959.942843,2487.23313083632,459336093.975628,2065,1.04499281500525,0.643829639191289,1.35497297223768,0.869758119754817,0.951861780039952,0.476261675612852,1.51156796127756,1.15009177841439,0.830239825289579,0.43641704544698,1.03728520024633,0.70484435741546,1.29416337587177,0.892069554109159,0.960108226824593,0.565982072933739,1.42393244062673,1.12437990405481,0.859321046989566,0.532963133925316
31,3928588.328081,926748360867.18,2234,213149870,2139.23289629909,381398561.052123,1622.5208661192,271606543.649444,2359.36376821709,502692344.285764,1470.36271137474,206444703.192142,2701.36856413877,563459785.658841,2234,1.04429957292862,0.558863854682636,1.37686981206187,0.784774428244657,0.94686543469648,0.424016542966947,1.51935300230192,1.03247923877038,0.826988227247779,0.378287635471214,1.03818338353132,0.619769006502149,1.32483754636914,0.814489395522549,0.954201421105724,0.50353929409152,1.44764889510308,1.02799501549988,0.850874976039258,0.464123916065389
32,4175272.640409,1083944490098.11,2279,238925565,2307.02057534811,457096078.158748,1743.35881546538,321285492.079223,2590.13404733339,604364285.578724,1603.24256379853,247009035.00236,2950.6878648284,687979145.19978,2279,0.987854215238682,0.522703161143776,1.3072466664825,0.743655007432097,0.879877241236333,0.395333693107313,1.42149419648666,0.967274597861237,0.772362277679458,0.347286057531031,0.989426201520737,0.584478015374654,1.26748080907527,0.77683283988254,0.895424308194117,0.473593530436492,1.36694168235411,0.971510131772615,0.801824628922971,0.431764531654402
33,4395255.920962,1238043988405.01,2485,300691854,2507.3415756458,545706029.15899,1896.04974978078,383579246.631757,2859.30481177256,723141454.658835,1756.66712559818,294873097.025181,3235.88292600925,828449572.38314,2485,0.991089536478473,0.551014351927555,1.31061961865047,0.783910643342677,0.86909237160325,0.415813326787995,1.41461063612368,1.01973308868636,0.767951145582606,0.362957341066665,0.991899780658423,0.591841409616869,1.28237442830971,0.803560030061764,0.880996033378344,0.468934452398466,1.37690935896194,1.0179387240922,0.789051757610431,0.420884754779071
34,4603674.03744,1388849676341.94,2592,353576182,2736.0831795453,646159724.641044,2067.54876401308,452625458.086288,3162.55199719557,855104358.21898,1940.54112529854,354389326.752844,3573.29698891663,989026274.070047,2592,0.94733962014662,0.547196255842809,1.25365846025753,0.78116724475669,0.819591267526506,0.41348892518386,1.33570990390695,0.997705504394574,0.725380512182352,0.35749928113129,0.951108341231332,0.579601852281599,1.2355050023799,0.796828347487195,0.832502495964891,0.455463492405581,1.31168430825565,0.997869713501895,0.7450340782389,0.403480833351106
35,4803621.4653,1533291035601.84,2829,430588622,2990.11453568775,755306204.797827,2260.42838544677,527753135.5575,3491.28706139571,996094484.550475,2151.05073055128,418491439.964842,3949.27139279889,1162990298.1913,2829,0.946117603936301,0.570084846734783,1.25153268212957,0.815890220235529,0.810302891240645,0.432276886056968,1.31517121368633,1.02890664152216,0.716334664960834,0.37024266038131,0.947736720321291,0.583003401210057,1.24397435665133,0.821422549582968,0.81600311467938,0.449336442852401,1.30570060893532,1.02803802356263,0.724858547070171,0.389166288535093
36,5005266.12695,1662846481008.06,3039,470307275,3293.10949107329,878196458.986142,2483.22018479054,609452663.567293,3865.73946261154,1147643690.20453,2420.2474404715,497806192.468091,4446.46246816323,1375274759.85007,3007,0.922836002944296,0.535537658103244,1.22381415011587,0.771687947423451,0.786136786866379,0.409802518860346,1.25565673541543,0.944759792296368,0.683464669219477,0.34197331960871,0.922836002944296,0.535537658103244,1.22381415011587,0.771687947423451,0.786136786866379,0.409802518860346,1.25565673541543,0.944759792296368,0.683464669219477,0.34197331960871
37,5253698.128703,1795218564204.95,3330,550356396,3673.02105498028,1017078144.63543,2753.84232894425,699137348.217479,4323.85137600184,1315758777.39234,2750.01575341143,591304788.928465,5068.80816905858,1620836013.16574,3007,0.906610648333972,0.541115153150078,1.20921955661733,0.787193528429269,0.770146730408474,0.418280619104614,1.21090215424006,0.930749093030906,0.656959168493937,0.339550942556533,0.906610648333972,0.541115153150078,1.20921955661733,0.787193528429269,0.770146730408474,0.418280619104614,1.21090215424006,0.930749093030906,0.656959168493937,0.339550942556533
38,5540135.554975,1928568131420.97,3663,607889396,4146.86368740106,1182320186.99914,3099.49132573173,806021573.2697,4889.37481082869,1510310901.34888,3146.09794331992,705278340.692545,5848.91520321386,1912119527.17446,3007,0.883318159487343,0.51414955329731,1.18180682410371,0.754185019557282,0.749175537102905,0.402492887694238,1.16429941660831,0.861914170514701,0.626269978745333,0.317913910381052,0.883318159487343,0.51414955329731,1.18180682410371,0.754185019557282,0.749175537102905,0.402492887694238,1.16429941660831,0.861914170514701,0.626269978745333,0.317913910381052
39,5856636.908078,2066229850075.46,4099,753587357,4705.95384903752,1371964428.35177,3522.52752647315,935299470.095958,5576.80534817553,1745319878.40755,3603.22265069909,838751211.915948,6794.09636027203,2258892945.64394,3007,0.871024266597588,0.549276163016364,1.16365307842009,0.805717720467312,0.735008619467237,0.4317760694318,1.13759275997133,0.898463508957073,0.603317907583501,0.333609150647542,0.871024266597588,0.549276163016364,1.16365307842009,0.805717720467312,0.735008619467237,0.4317760694318,1.13759275997133,0.898463508957073,0.603317907583501,0.333609150647542
40,6160941.075255,2191734289805.14,4566,799870393,5347.93140084931,1583759416.08656,4008.90545746159,1085167162.47135,6369.45604869739,2014269639.58444,4102.96113261298,988700188.062994,7889.63161673866,2650979224.17238,3007,0.853788064535545,0.505045390654386,1.13896425057905,0.737094173747744,0.716858702704101,0.397101945678444,1.11285480228084,0.80901207732858,0.578734245375001,0.301726390650879,0.853788064535545,0.505045390654386,1.13896425057905,0.737094173747744,0.716858702704101,0.397101945678444,1.11285480228084,0.80901207732858,0.578734245375001,0.301726390650879
41,6428016.060157,2284782628683.41,5203,955455201,6072.39053952799,1798740156.18968,4548.71612828048,1241868431.20787,7244.48863618216,2294469065.06582,4613.53912849309,1138054027.20523,9188.18583703511,3096239193.87088,3007,0.856828948357533,0.531180225065951,1.14383924018729,0.769369103030261,0.718201140383316,0.416416684603499,1.12776761074083,0.839551706825688,0.566270653672252,0.308585720021683,0.856828948357533,0.531180225065951,1.14383924018729,0.769369103030261,0.718201140383316,0.416416684603499,1.12776761074083,0.839551706825688,0.566270653672252,0.308585720021683
42,6685049.108757,2359077704079.24,5871,1129717442,6958.71542142457,2049139061.77764,5187.30328919737,1421919296.07217,8284.46507199794,2621665021.44661,5143.69033722893,1291581022.50855,10694.3853598105,3592832772.97432,3007,0.843690199188819,0.55131321396019,1.1318019542498,0.794501801277099,0.708675810565535,0.430916014349016,1.14139841535696,0.874677950753588,0.548979656377751,0.31443641087274,0.843690199188819,0.55131321396019,1.1318019542498,0.794501801277099,0.708675810565535,0.430916014349016,1.14139841535696,0.874677950753588,0.548979656377751,0.31443641087274
43,6903902.891545,2405446970246.37,6366,1206457284,8001.05661874981,2334042048.9039,6053.94230583417,1610719331.96661,10139.2607946307,2961026574.74395,5652.98620341917,1437338568.76021,12298.7345883256,4091305616.36231,3007,0.795644913333298,0.51689612214423,1.05154619558649,0.74901769666288,0.627856421581655,0.407445611697803,1.12613046820273,0.839368893468598,0.517614227242763,0.294883197963757,0.795644913333298,0.51689612214423,1.05154619558649,0.74901769666288,0.627856421581655,0.407445611697803,1.12613046820273,0.839368893468598,0.517614227242763,0.294883197963757
44,7071074.081834,2417617218221.53,7230,1433437713,9206.55560017766,2647019515.34228,6817.69756671021,1797754181.76013,11338.4903090349,3282317385.58495,6143.81162766135,1564400539.11316,13966.4541583556,4567747081.50018,3007,0.785309980625163,0.541528955374794,1.06047531872094,0.797349118997217,0.637651027865579,0.436715145005559,1.17679389248334,0.91628561686165,0.517668974388502,0.313817224864652,0.785309980625163,0.541528955374794,1.06047531872094,0.797349118997217,0.637651027865579,0.436715145005559,1.17679389248334,0.91628561686165,0.517668974388502,0.313817224864652
45,7191295.059283,2393829471623.43,8138,1495399550,10531.7917255891,2962113554.29741,7621.74332106697,1973486336.15416,12601.1056945121,3581588260.93548,6656.92316787994,1668643557.914,15735.9276152128,5010604764.4649,3007,0.772708026520035,0.504842073940915,1.06773472382704,0.7577450740876,0.645816343207419,0.417524137632006,1.22248669464391,0.896176743623679,0.517160487706651,0.298446918145558,0.772708026520035,0.504842073940915,1.06773472382704,0.7577450740876,0.645816343207419,0.417524137632006,1.22248669464391,0.896176743623679,0.517160487706651,0.298446918145558
46,7324508.032487,2365509641760.01,8794,1658799099,11986.2548857675,3279952786.73429,8575.60368244402,2165548550.19593,14071.3028911919,3905798620.85079,7356.32974529147,1811742220.81199,17696.3249696194,5460964125.02733,3007,0.733673702404079,0.505738712370795,1.02546716541986,0.765994878687859,0.624959896606639,0.424701644919591,1.19543309020762,0.915582294183418,0.496939337127755,0.303755721704489,0.733673702404079,0.505738712370795,1.02546716541986,0.765994878687859,0.624959896606639,0.424701644919591,1.19543309020762,0.915582294183418,0.496939337127755,0.303755721704489
47,7488824.797965,2342202354150.94,9976,1770509582,13569.7421113827,3598329427.7803,9703.8100841093,2382335806.01524,15782.3075159582,4259117157.35675,8176.39466789173,1971043126.717,19900.4163623927,5939101027.57692,3007,0.735165039844921,0.492036545717876,1.02804979832988,0.74318220694563,0.632100216645305,0.415698727362268,1.22009765981273,0.898260194310913,0.50129604417988,0.298110702912617,0.735165039844921,0.492036545717876,1.02804979832988,0.74318220694563,0.632100216645305,0.415698727362268,1.22009765981273,0.898260194310913,0.50129604417988,0.298110702912617
48,7667803.785991,2319536353885.55,11479,1998525426,15245.2526427689,3910256346.1572,10988.2535630627,2615008581.11471,17727.5662840469,4640831771.19133,9123.64075145963,2144738798.15209,22357.8350607562,6439653888.31284,3007,0.752955708178751,0.511098314043796,1.044661004055,0.76425195711904,0.647522610609556,0.430639489758312,1.25816001667575,0.931826956141201,0.51342180353359,0.310346714382751,0.752955708178751,0.511098314043796,1.044661004055,0.76425195711904,0.647522610609556,0.430639489758312,1.25816001667575,0.931826956141201,0.51342180353359,0.310346714382751
49,7827857.569156,2285846000695.81,12990,2249741208,17064.5070875347,4219409451.57204,12392.8217322377,2850206968.34215,19842.0853562919,5025159899.5432,10164.4927289909,2318269747.51146,24968.8718847723,6920095410.83984,3007,0.761229136790536,0.533188644956418,1.04818743306933,0.789325558806202,0.654669091819065,0.447695447104978,1.27797818802607,0.970439790457938,0.520247773305376,0.325102628567222,0.761229136790536,0.533188644956418,1.04818743306933,0.789325558806202,0.654669091819065,0.447695447104978,1.27797818802607,0.970439790457938,0.520247773305376,0.325102628567222
50,7944922.901483,2238892374139.72,14558,2215036423,19087.9787539982,4540274881.91778,13884.0295945228,3079038586.14508,22045.7862930452,5381307289.47218,11307.8370904877,2497243224.96785,27692.6084560117,7370112135.51537,3007,0.762678971284514,0.487863946701038,1.04854285284317,0.719392226186162,0.660352949379384,0.411616788235347,1.2874256927743,0.886992664892909,0.525699845976035,0.300543110100876,0.762678971284514,0.487863946701038,1.04854285284317,0.719392226186162,0.660352949379384,0.411616788235347,1.2874256927743,0.886992664892909,0.525699845976035,0.300543110100876
51,7975000.07003,2159253481693.61,16357,2526984254,21274.9740153766,4853169325.51609,15410.9650047558,3282756350.59026,24257.1819440656,5689152898.61285,12504.2960634606,2658094064.72227,30403.9648459909,7736962207.60555,3007,0.768837601784046,0.52068742805121,1.06138713539044,0.769775147505428,0.674315756781536,0.444175837604248,1.3081104219691,0.950675255453772,0.537989044614911,0.326611942283489,0.768837601784046,0.52068742805121,1.06138713539044,0.769775147505428,0.674315756781536,0.444175837604248,1.3081104219691,0.950675255453772,0.537989044614911,0.326611942283489
52,7961153.819964,2063964409476.84,17733,2519065344,23672.0655264618,5142702959.16697,17005.4035527128,3462416014.19812,26514.7950429624,5943138943.00392,13807.5097051441,2811415007.73977,33224.7216160677,8046422819.22551,3007,0.749110802358046,0.489832946604415,1.04278619116752,0.727545544403162,0.668796419933358,0.423861088922608,1.28430110705578,0.896013337435086,0.533729076948058,0.313066489369803,0.749110802358046,0.489832946604415,1.04278619116752,0.727545544403162,0.668796419933358,0.423861088922608,1.28430110705578,0.896013337435086,0.533729076948058,0.313066489369803
53,7925552.539452,1963146350873.54,19072,2752144229,26306.1242540071,5428048400.07099,18712.6836838317,3633064520.39294,28903.225846659,6175340079.54793,15231.3599815831,2962638869.01796,36254.3402318424,8334363898.33468,3007,0.725002277638632,0.507022787225701,1.01920175225741,0.757526934507164,0.659857141939213,0.445666828635853,1.25215345333974,0.928950287455138,0.526061152348566,0.330216470335537,0.725002277638632,0.507022787225701,1.01920175225741,0.757526934507164,0.659857141939213,0.445666828635853,1.25215345333974,0.928950287455138,0.526061152348566,0.330216470335537
54,7860160.711671,1857077218335.34,20889,2779206876,29113.91570473,5679435939.96825,20453.9861069415,3779015507.97308,31301.0970823706,6357194120.38502,16721.7077404114,3096574456.66961,39356.4926410616,8557179168.28531,3007,0.717491944809273,0.489345580331616,1.02126792747311,0.735431455662551,0.66735680046707,0.437175084380101,1.24921451351034,0.897510108311447,0.530763759629485,0.324780727543992,0.717491944809273,0.489345580331616,1.02126792747311,0.735431455662551,0.66735680046707,0.437175084380101,1.24921451351034,0.897510108311447,0.530763759629485,0.324780727543992
55,7758365.900064,1745383198429.07,22859,2855427315,32065.741226374,5907367522.39364,22231.3891662327,3898012422.61869,33706.2904591745,6486884485.23249,18234.7592083301,3209657812.09972,42528.9375509131,8732829313.96318,3007,0.712879201469963,0.483367135052229,1.02823084194489,0.732534175219924,0.678182015540605,0.440184702147916,1.25359483713706,0.889636055356322,0.537492853486749,0.326976196641605,0.712879201469963,0.483367135052229,1.02823084194489,0.732534175219924,0.678182015540605,0.440184702147916,1.25359483713706,0.889636055356322,0.537492853486749,0.326976196641605
56,7626985.956744,1631477764078.78,24522,2950982426,35180.7017448667,6127189328.18414,24076.1118630236,4003895826.27223,36174.4710219672,6588496144.72964,19833.8813270408,3320308144.53,45902.3472435401,8903542991.86095,3007,0.697029871030871,0.481620897925567,1.018519939578,0.737027773459198,0.677881370680136,0.447899241522755,1.2363692005441,0.888767637684942,0.534221046908468,0.331439116843441,0.697029871030871,0.481620897925567,1.018519939578,0.737027773459198,0.677881370680136,0.447899241522755,1.2363692005441,0.888767637684942,0.534221046908468,0.331439116843441
57,7463677.874123,1517640840353.4,26476,3145929267,38120.586812694,6268887152.58477,25966.6284926621,4096196549.27177,38695.43172222,6668957293.74572,21496.7799633394,3420289668.28805,49363.4840747053,9050770816.22204,3007,0.69453285517587,0.501832173785882,1.01961638983982,0.768012283873265,0.684215133973986,0.471727307348379,1.23162632008851,0.919784454564816,0.536347879333882,0.347586888551131,0.69453285517587,0.501832173785882,1.01961638983982,0.768012283873265,0.684215133973986,0.471727307348379,1.23162632008851,0.919784454564816,0.536347879333882,0.347586888551131
58,7254202.150586,1397629507098.87,28368,3249530806,40627.8013009317,6298926055.34314,27852.4152682706,4154394947.95573,41124.3807532693,6680780143.91297,23185.7043369964,3494042672.98504,52855.9912084146,9146008386.74948,3007,0.698241083485594,0.5158864824653,1.01851131138048,0.782191112474516,0.689809779026151,0.486399901807984,1.2235125397823,0.930020354680972,0.536703585562195,0.355294973346826,0.698241083485594,0.5158864824653,1.01851131138048,0.782191112474516,0.689809779026151,0.486399901807984,1.2235125397823,0.930020354680972,0.536703585562195,0.355294973346826
59,7032812.34791,1281917412262.85,30207,3244716742,43229.6146184159,6307311327.412,29797.4692494684,4193662711.98931,43621.7416303601,6666523492.52939,24945.556572441,3547890307.05865,56509.3147465247,9212636731.37901,3007,0.69875709664855,0.51443738442056,1.01374380982166,0.773719052970961,0.692475790076578,0.486717964113691,1.21091705900728,0.914548213495926,0.534549040905822,0.352202831459556,0.69875709664855,0.51443738442056,1.01374380982166,0.773719052970961,0.692475790076578,0.486717964113691,1.21091705900728,0.914548213495926,0.534549040905822,0.352202831459556
60,6821135.466491,1174674567185.28,32607,3263809812,46296.6347665919,6366505035.65284,31950.2448003352,4233093544.09465,46371.1093594292,6653401445.46742,26909.5681638705,3597804846.44383,60457.1218667521,9283971424.90515,3007,0.704306050847772,0.512653299372647,1.02055556080303,0.771022368866181,0.703174895973663,0.490547555074021,1.21172513068341,0.907166995237676,0.539340924496308,0.351553194492231,0.704306050847772,0.512653299372647,1.02055556080303,0.771022368866181,0.703174895973663,0.490547555074021,1.21172513068341,0.907166995237676,0.539340924496308,0.351553194492231
61,6646203.060321,1077650794917.1,34943,3438558786,50388.3081201844,6535325679.62394,34614.1168970378,4304784568.39606,49779.5087478027,6685616915.12398,29350.0537505383,3674392381.41571,65204.7358692566,9414109915.92442,3007,0.693474365455082,0.526149568447806,1.009501415389,0.798776043578224,0.701955500947815,0.51432183890486,1.19056000023029,0.935816981167142,0.535896657415574,0.365255857081455,0.693474365455082,0.526149568447806,1.009501415389,0.798776043578224,0.701955500947815,0.51432183890486,1.19056000023029,0.935816981167142,0.535896657415574,0.365255857081455
62,6466321.707036,987367567330.245,37925,3521643077,55034.1239474239,6743529216.51256,37501.5296624831,4376670292.25622,53474.3520138859,6717983893.47353,32014.9106591184,3750694110.42074,70106.7936173285,9513627246.8348,3007,0.689117901399342,0.522225523747524,1.01129208171848,0.804639792773733,0.709218505165838,0.524211301015659,1.18460427404623,0.938931028050421,0.540960412581556,0.370168284464966,0.689117901399342,0.522225523747524,1.01129208171848,0.804639792773733,0.709218505165838,0.524211301015659,1.18460427404623,0.938931028050421,0.540960412581556,0.370168284464966
63,6200691.364982,893622341460.764,40560,3453724323,59152.4100996493,6872520237.49108,40144.4497184564,4408743092.79022,56719.7704652012,6688220942.14256,34433.2327524708,3781614528.21597,74152.2074245387,9475785018.21275,3007,0.685686347042696,0.502541164471105,1.01035137570593,0.783380716523945,0.715094572268844,0.516389089546675,1.17793180476467,0.913293593842137,0.546983042160627,0.364478965738652,0.685686347042696,0.502541164471105,1.01035137570593,0.783380716523945,0.715094572268844,0.516389089546675,1.17793180476467,0.913293593842137,0.546983042160627,0.364478965738652
64,5890960.410168,800965256485.877,42616,3583971290,62526.5774391089,6879831097.61442,42632.6298503423,4408355699.11674,59704.6181712503,6609083203.57286,36612.974985548,3777271059.09036,77610.2618246344,9343031344.87387,3007,0.681566171465268,0.520938848519514,0.999609926706359,0.81299503366257,0.713780630465886,0.542279644484202,1.16395895216987,0.948825549962805,0.549102644393775,0.383598337381837,0.681566171465268,0.520938848519514,0.999609926706359,0.81299503366257,0.713780630465886,0.542279644484202,1.16395895216987,0.948825549962805,0.549102644393775,0.383598337381837
65,5481823.333235,709141099809.076,44474,3481020362,63920.9974899669,6692987090.78028,44207.4868580513,4353493155.07331,61363.4867781088,6452904315.04484,37880.6491137186,3717291971.98242,79184.3873226654,9057997636.60756,3007,0.695765112347953,0.52009966772462,1.00602868791896,0.799592473906482,0.724763248229662,0.539450174998575,1.17405591088178,0.936439856819636,0.561651122193755,0.384303518465448,0.695765112347953,0.52009966772462,1.00602868791896,0.799592473906482,0.724763248229662,0.539450174998575,1.17405591088178,0.936439856819636,0.561651122193755,0.384303518465448
66,5198925.038662,630235987320.825,47020,3461973299,66767.7714259518,6540643536.26414,47177.9213023979,4339799221.22556,64881.7143096998,6355987330.29463,40223.8477986504,3689275848.94251,82919.841437028,8844815594.75601,3007,0.704231981924799,0.529301632141445,0.996652643905491,0.797726604970065,0.724703416058946,0.544679074877816,1.16895828154903,0.938388301864806,0.567053665143686,0.391412716513001,0.704231981924799,0.529301632141445,0.996652643905491,0.797726604970065,0.724703416058946,0.544679074877816,1.16895828154903,0.938388301864806,0.567053665143686,0.391412716513001
67,4886761.019108,553845368629.868,48826,3517664397,69015.3269196747,6318084655.67763,50015.3098699841,4293057207.12663,68128.551357565,6210848625.39621,42248.604622489,3620424315.34214,86230.6255244548,8557836746.35443,3007,0.707466039490437,0.55676120038039,0.976221083642674,0.819384468289999,0.716674566346527,0.566374196050479,1.1556831387991,0.971616609161893,0.566225742919527,0.411045980574296,0.707466039490437,0.55676120038039,0.976221083642674,0.819384468289999,0.716674566346527,0.566374196050479,1.1556831387991,0.971616609161893,0.566225742919527,0.411045980574296
68,4502047.821115,476070409415.68,50811,3284314037,69960.2054969769,5978640095.93524,51971.8992929117,4156541938.32168,70092.6495296481,5937686997.66621,43444.6437552751,3472024821.09718,87942.6979265771,8113731818.91805,3007,0.726284316048723,0.549341319145961,0.977662942691993,0.790155394973864,0.724911960682949,0.55313020681132,1.16955729424828,0.945936220571759,0.577773950515162,0.404784642911449,0.726284316048723,0.549341319145961,0.977662942691993,0.790155394973864,0.724911960682949,0.55313020681132,1.16955729424828,0.945936220571759,0.577773950515162,0.404784642911449
69,4148752.251433,407648755435.945,52615,3254051356,70954.7830313692,5647376673.66169,54009.15897857,4007379337.97378,72110.3843492598,5653841104.82149,44683.8686344697,3313035346.5176,89618.8815719212,7648298990.57941,3007,0.741528586969801,0.576205828659577,0.97418661936352,0.812014806076561,0.729645258097145,0.575547012317874,1.1774942861463,0.98219638961003,0.587097262062742,0.425460793309479,0.741528586969801,0.576205828659577,0.97418661936352,0.812014806076561,0.729645258097145,0.575547012317874,1.1774942861463,0.98219638961003,0.587097262062742,0.425460793309479
70,3914576.666436,358391276978.567,56259,3236989975,73977.7862749295,5487434244.24389,57431.7644400151,3957318133.9481,75935.2599261688,5518072336.31015,47177.4562295794,3243677726.83517,93341.7305753958,7354328176.89583,3007,0.7604850433199,0.589891346469523,0.979579864009925,0.817975675807128,0.74088111444802,0.586616082159685,1.19249752946041,0.997938219392192,0.602720772940431,0.440147610650453,0.7604850433199,0.589891346469523,0.979579864009925,0.817975675807128,0.74088111444802,0.586616082159685,1.19249752946041,0.997938219392192,0.602720772940431,0.440147610650453
71,3722226.704927,318695294020.47,59374,3283979861,78229.2391045007,5451501046.32481,61647.6825984781,3978982855.12115,80653.8796938277,5474629008.21131,50449.1295393441,3241194525.24871,98338.1931422321,7242501932.58331,3007,0.758974530235257,0.602399198513212,0.963118117297499,0.825331493141106,0.736158015279503,0.599854320004956,1.17690831421968,1.01320048377782,0.60377355026367,0.453431685841283,0.758974530235257,0.602399198513212,0.963118117297499,0.825331493141106,0.736158015279503,0.599854320004956,1.17690831421968,1.01320048377782,0.60377355026367,0.453431685841283
72,3502112.197975,280117378700.356,61796,3143135733,82207.2427330137,5346847132.92232,65375.4876270562,3948172684.54642,84632.2942939888,5361429478.26777,53488.5184299655,3202958202.66676,102228.603577799,6992006982.68575,3007,0.751709921724249,0.587848437567378,0.945247251577289,0.796098849805272,0.730170445165271,0.586249571264625,1.15531336095824,0.981322744200362,0.604488350982622,0.449532693657675,0.751709921724249,0.587848437567378,0.945247251577289,0.796098849805272,0.730170445165271,0.586249571264625,1.15531336095824,0.981322744200362,0.604488350982622,0.449532693657675
73,3281342.799464,245141455061.288,64674,3182018821,85548.4818285479,5174798197.65365,68931.2813855885,3891605512.80783,88300.5833978909,5221446605.20909,56543.644167051,3150281190.34303,105898.895625809,6726018243.50377,3007,0.755992375523583,0.614906842636451,0.938238760400027,0.817662224633901,0.73243004192365,0.609413264482206,1.14378903151217,1.01007453898219,0.610714584111658,0.473091018460039,0.755992375523583,0.614906842636451,0.938238760400027,0.817662224633901,0.73243004192365,0.609413264482206,1.14378903151217,1.01007453898219,0.610714584111658,0.473091018460039
74,3115253.517807,218634861211.069,69139,3055012760,89905.1530762537,5086933515.58452,73527.61846128,3896363741.4897,93204.4614615274,5168748917.0448,60525.7555246357,3151436032.72515,111184.260127864,6576502374.73795,3007,0.769021548090344,0.600560780014236,0.940313333232858,0.784067649400713,0.741799254197064,0.591054587682833,1.1423070955613,0.969403385718806,0.62184161607487,0.464534578704799,0.769021548090344,0.600560780014236,0.940313333232858,0.784067649400713,0.741799254197064,0.591054587682833,1.1423070955613,0.969403385718806,0.62184161607487,0.464534578704799
75,2971485.374397,197629395125.598,74001,3142429647,94882.7991000562,5059944103.77585,78646.3153945819,3936285903.61644,98636.9101527013,5160428795.27667,65010.7360666257,3186843801.96197,117500.084004124,6520937718.84964,3007,0.779920077209824,0.621040387512393,0.940934100074803,0.798323527290766,0.750236396146614,0.608947390161891,1.13828891160624,0.986063278365064,0.62979529442211,0.481898429717614,0.779920077209824,0.621040387512393,0.940934100074803,0.798323527290766,0.750236396146614,0.608947390161891,1.13828891160624,0.986063278365064,0.62979529442211,0.481898429717614
76,2847443.993439,181243143680.168,79137,3248818508,100496.308211861,5099816328.03273,84352.2721406493,4035262336.39762,104651.757120056,5224773965.43669,69952.1539595985,3274375796.05559,124605.580637848,6525388415.25831,3007,0.787461762606917,0.637046179514713,0.938172712977389,0.805107137321908,0.75619370546463,0.621810346149292,1.13130183304586,0.992194760269614,0.635099965787268,0.497873582575298,0.787461762606917,0.637046179514713,0.938172712977389,0.805107137321908,0.75619370546463,0.621810346149292,1.13130183304586,0.992194760269614,0.635099965787268,0.497873582575298
77,2727823.975577,167398816296.557,84835,3373271160,106711.724294409,5194525143.40152,90266.321235825,4158463902.53428,110751.920310114,5320363320.43668,75155.193643279,3397262493.30849,132362.493013281,6621969291.34201,3007,0.794992308117402,0.649389706831044,0.939830036701779,0.811182022752257,0.765991233040976,0.634030226289721,1.12879757056666,0.992938039566932,0.640929300050943,0.509406040950754,0.794992308117402,0.649389706831044,0.939830036701779,0.811182022752257,0.765991233040976,0.634030226289721,1.12879757056666,0.992938039566932,0.640929300050943,0.509406040950754
78,2622622.040736,156364408653.548,91095,3523141737,114066.049833288,5372366124.18487,96726.8767937769,4315123128.5011,117324.086267672,5459313576.1676,80945.0264792573,3547778169.75135,141017.928747395,6772126216.57608,3007,0.798616241494634,0.655789582385276,0.941775471508461,0.816463779151488,0.77643903223903,0.645345186321615,1.12539341775796,0.993055813646581,0.645981690478367,0.520241593899481,0.798616241494634,0.655789582385276,0.941775471508461,0.816463779151488,0.77643903223903,0.645345186321615,1.12539341775796,0.993055813646581,0.645981690478367,0.520241593899481
79,2526473.068131,148095529215.754,99006,3787841724,122244.062623001,5599578059.3304,103647.924339623,4516972620.66055,124284.326864788,5652746149.26014,87522.2785773868,3751063790.93343,150416.599394456,7004502038.06072,3007,0.809904365705948,0.676451276125786,0.955214497837766,0.838579739596933,0.796608892670041,0.670088771719524,1.13120912308584,1.00980466745339,0.658211928727125,0.540772449407225,0.809904365705948,0.676451276125786,0.955214497837766,0.838579739596933,0.796608892670041,0.670088771719524,1.13120912308584,1.00980466745339,0.658211928727125,0.540772449407225
80,2425008.965787,139257833093.815,106342,4162738533,130486.381634777,5819807004.36991,110551.446760105,4696611922.8593,131034.523414976,5806253190.98255,94485.6050651537,3953156098.11225,159694.06065041,7190588149.48901,3007,0.814966272094544,0.715270889545707,0.961923187045758,0.886327974585075,0.811557116617454,0.71694058045298,1.12548361125137,1.05301648345934,0.665910801985275,0.578914887970023,0.814966272094544,0.715270889545707,0.961923187045758,0.886327974585075,0.811557116617454,0.71694058045298,1.12548361125137,1.05301648345934,0.665910801985275,0.578914887970023
81,2331437.834252,131695915868.688,114496,4127396200,140052.150986198,6095377871.05124,118267.599898819,4939124551.53288,138576.66815636,6025565134.84438,102425.170053531,4226482370.64268,169388.201732232,7431925670.38475,3007,0.817524037965566,0.677135411014012,0.968109609884316,0.835653395037192,0.826228552925022,0.684980762407208,1.11785023095554,0.976555877452386,0.675938458694985,0.55536026368605,0.817524037965566,0.677135411014012,0.968109609884316,0.835653395037192,0.826228552925022,0.684980762407208,1.11785023095554,0.976555877452386,0.675938458694985,0.55536026368605
82,2239188.817659,124284048050.665,122876,4139791703,149339.090590561,6367881869.44327,126185.037958684,5184973828.60682,146058.927723114,6236836987.81679,110795.90046462,4513082337.95395,179103.207928952,7683866165.59343,3007,0.82279863573621,0.650104978056374,0.973776304923189,0.79842094480009,0.841276886770921,0.663764615154571,1.10903020314581,0.917286987694715,0.686062530207407,0.538764160356804,0.82279863573621,0.650104978056374,0.973776304923189,0.79842094480009,0.841276886770921,0.663764615154571,1.10903020314581,0.917286987694715,0.686062530207407,0.538764160356804
83,2128579.787567,116146200202.272,130335,4419181266,157017.364365799,6623929782.85603,132983.98561914,5373988268.55943,152018.39035589,6370263080.76656,119158.24905657,4784627987.40224,187027.908439476,7853436008.18929,3007,0.830067429334515,0.667154002362415,0.980080416398956,0.822328044862781,0.857363373568639,0.69372037072419,1.09379754261179,0.92362066134202,0.696874605974527,0.562706726252284,0.830067429334515,0.667154002362415,0.980080416398956,0.822328044862781,0.857363373568639,0.69372037072419,1.09379754261179,0.92362066134202,0.696874605974527,0.562706726252284
84,1996954.357161,106518333156.081,137253,4890146771,162924.140444173,6800984049.32979,138467.57155447,5495473779.90814,156236.644655305,6404440315.12547,126773.813349591,5006996844.36371,192699.234976435,7888898382.5028,3007,0.842435010709972,0.719035177193498,0.991228476524609,0.889849895905016,0.878494288601836,0.763555678620482,1.08266049883277,0.976662642898358,0.712265412038531,0.619877013734403,0.842435010709972,0.719035177193498,0.991228476524609,0.889849895905016,0.878494288601836,0.763555678620482,1.08266049883277,0.976662642898358,0.712265412038531,0.619877013734403
85,1806898.805705,95180071559.954,137878,4820315568,162662.716526143,6764129563.30334,140000.998419077,5738258299.85661,155857.373778499,6576020325.91537,130148.964922655,5117191181.13668,191091.101468591,7743040346.76622,3007,0.847631239318695,0.712629100742112,0.984835833722254,0.840031123750642,0.884642135674308,0.733014091973479,1.05938606643501,0.941984654739685,0.721530196541687,0.622535251287066,0.847631239318695,0.712629100742112,0.984835833722254,0.840031123750642,0.884642135674308,0.733014091973479,1.05938606643501,0.941984654739685,0.721530196541687,0.622535251287066
86,1642902.527746,83879527419.1658,140567,5719971223,163296.879708367,6712913260.02515,142313.219037729,5899159991.07262,156180.79161755,6628092183.62947,134374.703665728,5174047240.39604,190126.791393222,7462618819.42066,3007,0.86080640518692,0.85208478069603,0.987729748160174,0.9696246976953,0.900027452442522,0.862989087135449,1.04608230690261,1.10551198263937,0.739332941822377,0.766483102167083,0.86080640518692,0.85208478069603,0.987729748160174,0.9696246976953,0.900027452442522,0.862989087135449,1.04608230690261,1.10551198263937,0.739332941822377,0.766483102167083
87,1470801.700362,71261352337.1679,140181,5008838200,162105.91133003,6351934509.42457,142267.996163942,5830540052.30076,153780.370585708,6401936801.95263,136348.322412393,5070826310.90947,185962.089176481,6947576903.66603,3007,0.864749464407915,0.7885531868391,0.985330529562408,0.859069340930689,0.911566277712091,0.782394196467587,1.02810945906628,0.987775540492067,0.753814934112544,0.720947500035154,0.864749464407915,0.7885531868391,0.985330529562408,0.859069340930689,0.911566277712091,0.782394196467587,1.02810945906628,0.987775540492067,0.753814934112544,0.720947500035154
88,1289863.857674,58954605763.145,136318,4557114820,157103.695930953,5865993939.26643,139281.710291176,5584683528.63122,148191.696854349,5977644413.52485,135201.540395017,4858255663.28555,177852.74430484,6296967633.55028,3007,0.867694417958898,0.776870018479747,0.978721468274765,0.816002338653007,0.91987609895567,0.762359636128439,1.00825774323074,0.938014615912187,0.766465541663787,0.723699895759296,0.867694417958898,0.776870018479747,0.978721468274765,0.816002338653007,0.91987609895567,0.762359636128439,1.00825774323074,0.938014615912187,0.766465541663787,0.723699895759296
89,1108094.564026,47511534731.8239,130103,4306027423,148367.294060655,5265191907.71244,133331.650938758,5192346845.73115,139524.675487036,5400005302.11003,130590.221277228,4548679793.6118,166113.761185469,5572372237.74807,3007,0.876898111701163,0.817829150100406,0.975784812413064,0.829302731680987,0.932473052138281,0.797411702784336,0.996269082995171,0.946654330130562,0.783216267403263,0.772745832345933,0.876898111701163,0.817829150100406,0.975784812413064,0.829302731680987,0.932473052138281,0.797411702784336,0.996269082995171,0.946654330130562,0.783216267403263,0.772745832345933
90,928989.472721,37105939319.2132,120817,3908962378,135298.136802384,4525162050.43312,123869.881319692,4618959196.77882,127676.931140732,4659041404.06946,122317.450385928,4137570241.70447,150879.122865815,4766383283.33362,3007,0.892968690148815,0.863828153430628,0.975354127353905,0.846286405977788,0.946271177733976,0.83900571791135,0.98773314534276,0.944748282119726,0.800753594700102,0.820110793789555,0.892968690148815,0.863828153430628,0.975354127353905,0.846286405977788,0.946271177733976,0.83900571791135,0.98773314534276,0.944748282119726,0.800753594700102,0.820110793789555
91,760868.880844,28081378098.5198,108323,3256247730,118698.457704677,3805787773.03335,112254.379910048,3870314836.25388,115517.104181267,3902834810.43313,111048.718230024,3646183968.316,133537.662542692,3952357234.25782,3007,0.91258978502913,0.855604128289228,0.96497793749163,0.841339236668343,0.937722606255972,0.834328863034463,0.975454752891626,0.893056345564458,0.81117939267036,0.823874851639382,0.91258978502913,0.855604128289228,0.96497793749163,0.841339236668343,0.937722606255972,0.834328863034463,0.975454752891626,0.893056345564458,0.81117939267036,0.823874851639382
92,610910.278345,20877311941.4087,95317,2617404737,102982.811367381,3118788285.00441,99364.1847570518,3163185758.86698,102085.101690077,3188933030.66932,98068.3664193466,3087579547.63522,115609.505231908,3198010409.04757,3007,0.925562224748031,0.839237709588967,0.959269179665216,0.827458434795661,0.933701376811826,0.820777580409281,0.971944404502655,0.84772058391327,0.824473729982651,0.818447847947909,0.925562224748031,0.839237709588967,0.959269179665216,0.827458434795661,0.933701376811826,0.820777580409281,0.971944404502655,0.84772058391327,0.824473729982651,0.818447847947909
93,480170.467299,14986541120.0054,81537,2322179903,87986.3935528023,2490504715.3601,85744.4615482042,2486028824.68416,87964.1700506411,2506163355.95379,84076.0151528864,2457741306.38548,97735.539476317,2510120718.60365,3007,0.926700103363915,0.932413373352813,0.950930223687523,0.934092107035414,0.926934227345736,0.92658760550596,0.969800957523148,0.944843095148673,0.834261522849197,0.925126782066402,0.926700103363915,0.932413373352813,0.950930223687523,0.934092107035414,0.926934227345736,0.92658760550596,0.969800957523148,0.944843095148673,0.834261522849197,0.925126782066402
94,367294.293012,10213935438.1908,66040,1839656803,73322.3927230558,1842912524.257,71442.5189757495,1841844277.36331,73179.7787886601,1856942715.20047,69454.2055267765,1821521772.15477,80224.9592977863,1868558621.97474,3007,0.900679827095087,0.998233382640712,0.924379500426303,0.998812345652563,0.902435086483665,0.990691197924969,0.950842349993332,1.00995597808517,0.823185210413965,0.984532559677364,0.900679827095087,0.998233382640712,0.924379500426303,0.998812345652563,0.902435086483665,0.990691197924969,0.950842349993332,1.00995597808517,0.823185210413965,0.984532559677364
95,264721.32945,6551064851.14504,51508,1303037717,57553.9264351536,1291169976.67509,55417.042900992,1277277657.85738,56682.8557639881,1288478069.94965,53684.0220697283,1265781119.92825,61822.0052146684,1301057138.29544,3007,0.894951972703972,1.00919146242501,0.929461358882395,1.02016793998091,0.908705097965869,1.01129987959432,0.959466113271059,1.02943368050383,0.833166116517016,1.00152228418435,0.894951972703972,1.00919146242501,0.929461358882395,1.02016793998091,0.908705097965869,1.01129987959432,0.959466113271059,1.02943368050383,0.833166116517016,1.00152228418435
96,158924.312743,4093271706.43355,34078,839259075,36793.8369485253,865210814.694768,35358.5830541211,856830065.693237,36093.627449517,863792321.491931,34820.3728818881,864083190.352322,39227.1390772889,878075554.467745,3007,0.926187721266343,0.970005298993028,0.963782964601239,0.979493027384583,0.944155586679776,0.971598211883202,0.978679927282622,0.971271151169831,0.868735288924752,0.955793690793187,0.926187721266343,0.970005298993028,0.963782964601239,0.979493027384583,0.944155586679776,0.971598211883202,0.978679927282622,0.971271151169831,0.868735288924752,0.955793690793187
97,110842.395687,2559713766.86798,24567,672104178,27472.7066944293,585681681.257296,26526.6893390505,580237281.528775,27029.2277999215,584699473.463899,26345.9185912711,591829407.711539,29113.425774585,595528689.041678,3007,0.894232966312761,1.14755881822559,0.926123862876261,1.15832642850728,0.90890498914184,1.14948654565788,0.932478399448918,1.13563836004511,0.843837485502861,1.12858404702811,0.894232966312761,1.14755881822559,0.926123862876261,1.15832642850728,0.90890498914184,1.14948654565788,0.932478399448918,1.13563836004511,0.843837485502861,1.12858404702811
98,76063.063774,1509802138.54318,17290,398781997,19717.9531125767,370477147.233002,19980.1712727497,379591228.761426,20323.5138461297,382488352.530846,19617.1786186895,382109277.429515,21245.1461260277,387370509.381615,3007,0.876865864386903,1.07640106813173,0.86535794733558,1.05055640590324,0.850738712355717,1.04259906049777,0.881370371146422,1.04363338069843,0.813832952592299,1.02945884454808,0.876865864386903,1.07640106813173,0.86535794733558,1.05055640590324,0.850738712355717,1.04259906049777,0.881370371146422,1.04363338069843,0.813832952592299,1.02945884454808
99,49349.257437,926138342.364723,11727,209895941,13557.0901088743,246446368.467233,14200.2805440073,258715616.276123,14418.1812314357,260536501.045496,13790.9201671343,256210612.740694,14647.6281089074,263803523.192982,3007,0.865008634288243,0.851690135689329,0.825828754837448,0.811299851246636,0.813348078496324,0.805629691646725,0.850342098850452,0.819232032407774,0.800607437109132,0.7956525313214,0.865008634288243,0.851690135689329,0.825828754837448,0.811299851246636,0.813348078496324,0.805629691646725,0.850342098850452,0.819232032407774,0.800607437109132,0.7956525313214
100,18843.225729,416384125.949517,5253,105836623,5500.35419405998,119438494.783762,5874.11064898159,127573199.343851,5950.87943471201,128340947.740287,5689.91835172133,124857149.414976,5906.08334118505,126460068.17372,3007,0.955029406228583,0.886118191556355,0.894263032125676,0.829614868517455,0.882726672188783,0.824652029328726,0.923211841591865,0.847661695753126,0.889421922540292,0.836917333103211,0.955029406228583,0.886118191556355,0.894263032125676,0.829614868517455,0.882726672188783,0.824652029328726,0.923211841591865,0.847661695753126,0.889421922540292,0.836917333103211
101,10979.754027,246442876.418731,2984,48664706,3410.55725834735,76932134.3733943,3658.27024921777,82209772.86936,3697.6745522337,82621493.9246538,3557.83621330134,79651149.4276567,3612.42580680741,80748487.9742263,2984,0.87493033365637,0.632566695261608,0.815686047425844,0.591957674878063,0.806993681528143,0.589007819737313,0.838712020762509,0.61097305374356,0.826037726332489,0.602670182697824,0.875409569458946,0.633974608145983,0.81639229257361,0.593521191411542,0.807733233656483,0.590582639380789,0.839330036116956,0.612463708082566,0.826704306425619,0.604192651570167
102,6962.821273,168493697.505182,1914,22442322,2322.72932228259,57193489.6879423,2472.25063631269,60343035.5524451,2492.889916967,60608483.7997189,2414.59913822048,58394343.3556334,2418.0934072045,59570635.0249759,1914,0.824030584036833,0.392392947561851,0.774193349123652,0.37191238051813,0.767783602064823,0.3702835080673,0.792678159162513,0.384323561330619,0.791532698570453,0.37673464435272,0.85960829600187,0.515239685338683,0.819847214260932,0.498899904414947,0.814733397710138,0.497600359390512,0.834594742774527,0.508801777495318,0.833680872807398,0.502747197043391
103,4512.114422,123404579.399192,1199,35909238,1616.79369670944,44874610.6750418,1690.1653438408,46627594.4039202,1699.76824944719,46780867.37934,1666.15952158289,45491486.8896761,1661.9750335716,46359997.9907667,1199,0.741591213795706,0.800212803182532,0.709398050533532,0.770128471328149,0.705390279168908,0.767605220074623,0.71961897073392,0.789361712600985,0.721430813207427,0.774573760921039,0.836826302919892,0.873843238796825,0.816497746962667,0.854846316420573,0.813967016950645,0.85325299507207,0.822951805128242,0.866991255961603,0.824095903358304,0.857653319805087
104,2756.497694,62135850.01575,627,8997749,1062.64579725142,24223228.4175279,1079.39372187681,24507297.1537624,1082.41479977331,24554055.4918758,1079.27121549179,24270142.4130696,1078.49296985428,24786783.9172536,627,0.590036681669248,0.371451271684712,0.580881644289903,0.367145709441021,0.579260372392647,0.366446553115313,0.580947579255411,0.370733259280534,0.581366793781434,0.363005907907918,0.81279732246138,0.712984065542211,0.808616832564484,0.711018004813632,0.807876506719186,0.71069874713779,0.808646940629119,0.712656197563399,0.80883836771107,0.709127635854206
105,1835.696677,45959103.014769,363,4447565,760.89113095601,19102195.1290045,747.79000394241,18790931.8606492,748.12848877437,18799175.6104528,757.31195179937,18899978.7778624,763.49937829598,19375195.5989853,363,0.477072192369905,0.232830047539766,0.485430399024104,0.236686771735563,0.485210769870145,0.236582980666825,0.479326912955109,0.235321163704662,0.475442430366038,0.229549424534993,0.818311125214149,0.733450309204798,0.82121514588406,0.734790310385208,0.821138836739144,0.734754248653136,0.81909451756794,0.734315836121433,0.817744871860759,0.732310471748008
106,1244.800054,31446333.217876,187,2518972,553.06534538301,13914658.1474333,521.70505461384,13181701.4168089,521.70505461384,13181701.4168089,537.93809260978,13537752.332699,550.21209047935,13942012.5293111,187,0.338115561860956,0.181030103169632,0.358440077101448,0.191096120322365,0.358440077101448,0.191096120322365,0.347623644001076,0.186070179014554,0.339868940061066,0.180674920116749,0.834942121218209,0.79576882886531,0.840010560932996,0.79827904869112,0.840010560932996,0.79827904869112,0.837313205623432,0.797025701183084,0.835379371091051,0.795680254851615
107,835.919132,26964617.507236,111,1485525,396.33086453347,12719053.879275,359.05808293074,11575808.6151787,359.05808293074,11575808.6151787,375.9694612664,12087254.2674089,391.08169288506,12594059.2018073,111,0.280069028009364,0.116795243899437,0.309142184166931,0.128330127888613,0.309142184166931,0.128330127888613,0.295236745096562,0.122900120005372,0.283828166900728,0.117954424081699,0.861679792109628,0.830310029396562,0.867265612362123,0.83252622457839,0.867265612362123,0.83252622457839,0.864593962859807,0.831482958142471,0.862402034787289,0.830532742476053
108,567.1564,27245701.032943,74,572211,286.37785018278,13710851.3897993,248.11205258007,11924465.8806623,248.11205258007,11924465.8806623,263.88747345343,12647575.1070636,281.13235727204,13551409.1906334,74,0.258399872590599,0.0417341697996755,0.298252338935123,0.047986300244101,0.298252338935123,0.047986300244101,0.280422556749588,0.045242743779432,0.263221212663163,0.0422252027040485,0.883662710378609,0.849673637716686,0.889914499918405,0.850654430307437,0.889914499918405,0.850654430307437,0.887117482418893,0.850224039438793,0.884419050103556,0.849750667688902
109,410.701957,25104564.701074,48,995409,220.58687025311,13444606.598092,182.54577994914,11157867.005283,182.54577994914,11157867.005283,196.46224116472,11992208.3088714,216.13472029118,13252461.0157388,48,0.217601346557585,0.0740377929794735,0.262947738443329,0.0892114056861131,0.262947738443329,0.0892114056861131,0.244321757277294,0.0830046455466946,0.222083707491946,0.0751112566049311,0.901148787893683,0.883010424256365,0.906878022961806,0.884927516011935,0.906878022961806,0.884927516011935,0.904524745886454,0.884143330404847,0.901715106367661,0.883146049720522
110,303.065544,25576613.26427,35,580288,172.88911640278,14563060.613642,136.3794948,11509475.9689215,136.3794948,11509475.9689215,148.120219636,12492372.3299164,169.25652123539,14455390.9641512,35,0.202441892978737,0.0398465690279703,0.256636821036237,0.0504182815592061,0.256636821036237,0.0504182815592061,0.236294545646848,0.0464513852673396,0.206786714890143,0.0401433625309127,0.913954206875958,0.896412358220119,0.919801110727797,0.89755290381977,0.919801110727797,0.89755290381977,0.917606452803291,0.897124929061982,0.914422954725247,0.896444378247412
111,241.446611,15936916.013166,25,248539,145.88887589418,9614826.62607057,108.65097495,7171612.2059247,108.65097495,7171612.2059247,119.77117207073,7903552.46524276,143.18813813681,9546638.38781149,25,0.171363305438954,0.0258495560727104,0.230094575879367,0.034655945255193,0.230094575879367,0.034655945255193,0.208731363046497,0.0314464920797317,0.174595468069524,0.0260341902462041,0.924444262069677,0.911176205290947,0.929799424961735,0.911979178702035,0.929799424961735,0.911979178702035,0.927851510609468,0.911686538266707,0.924738973170774,0.911193040378407
112,194.803293,15546557.494432,25,311427,124.45418217754,9923846.65806637,87.66148185,6995950.8724944,87.66148185,6995950.8724944,97.4016465,7773278.747216,122.13397072253,9890669.74860196,25,0.200877138578889,0.031381681995949,0.285187969361255,0.0445153211730546,0.285187969361255,0.0445153211730546,0.256669172425129,0.0400637890557492,0.204693254891354,0.0314869475895725,0.927135356317225,0.91168062883289,0.9348228834049,0.912878164262168,0.9348228834049,0.912878164262168,0.932222517331883,0.912472270103423,0.927483312768959,0.911690227031542
113,140.201286,11368467.253975,11,259341,94.40700464373,7664196.58254123,63.0905787,5115810.26428875,63.0905787,5115810.26428875,70.100643,5684233.6269875,92.91359484034,7645224.05078215,11,0.116516777981797,0.0338379890451622,0.174352498053723,0.0506940223741969,0.174352498053723,0.0506940223741969,0.156917248248351,0.0456246201367772,0.118389564184898,0.0339219620350391,0.946564739014865,0.941564120378699,0.950062787103709,0.942583615166674,0.950062787103709,0.942583615166674,0.949008259863721,0.942277005120389,0.946678009778857,0.941569199273825
114,120.015041,13058109.174895,9,236597,85.78470732224,9332584.56790016,54.00676845,5876149.12870275,54.00676845,5876149.12870275,60.0075205,6529054.5874475,84.42776074852,9300471.62136129,9,0.104913804347348,0.0253517124092061,0.166645779006983,0.0402639543037316,0.166645779006983,0.0402639543037316,0.149981201106285,0.0362375588733585,0.10660000834095,0.0254392475599393,0.95103120694436,0.946678486911234,0.954408468605534,0.947494312795797,0.954408468605534,0.947494312795797,0.953496775105464,0.947274034876701,0.95112345657888,0.946683275825086
115,97.048964,9188202.587051,8,345162,73.38157141513,6946917.34649703,43.6720338,4134691.16417295,43.6720338,4134691.16417295,48.524482,4594101.2935255,72.37188927376,6914298.51252126,8,0.109019197132518,0.0496856350499185,0.18318359150931,0.0834795118413739,0.18318359150931,0.0834795118413739,0.164865232358379,0.0751315606572365,0.110540156962582,0.0499200315657385,0.954043533820433,0.950983130240034,0.95786890634354,0.952726206129935,0.95786890634354,0.952726206129935,0.956924052032341,0.952295621840097,0.954121984376007,0.95099522032718
116,82.171307,8721703.364896,6,185740,65.70817629591,6973774.23527852,36.97708815,3924766.5142032,36.97708815,3924766.5142032,41.0856535,4360851.682448,65.19556838162,6932915.86729696,6,0.091312837126686,0.0266340712695271,0.162262641548751,0.0473251082141656,0.162262641548751,0.0473251082141656,0.146036377393875,0.0425925973927491,0.0920307951742856,0.0267910362039944,0.959409602542538,0.956520448914683,0.962578878921346,0.957444702549713,0.962578878921346,0.957444702549713,0.961854063453267,0.957233304718796,0.95944167320855,0.956527460424626
117,65.33691,8681115.535108,2,1411,55.28662588998,7346011.86388296,29.4016095,3906501.9907986,29.4016095,3906501.9907986,32.668455,4340557.767554,54.91856050412,7322214.78369508,2,0.0361751141040871,0.000192077010784212,0.0680234869455021,0.000361192699587375,0.0680234869455021,0.000361192699587375,0.0612211382509519,0.000325073429628637,0.0364175605048854,0.00019270125797757,0.975143131238548,0.974215135246999,0.975964494989961,0.974219496709899,0.975964494989961,0.974219496709899,0.975789063652542,0.974218565200486,0.975149383887192,0.97421515134622
118,67.240882,9854715.047332,4,156886,60.06531558088,8808506.29999918,30.2583969,4434621.7712994,30.2583969,4434621.7712994,33.620441,4927357.523666,59.87252354152,8792941.05890901,4,0.0665941727154311,0.0178107382406044,0.132194709892248,0.0353775379481868,0.132194709892248,0.0353775379481868,0.118975238903023,0.0318397841533681,0.0668086087473181,0.0178422667625007,0.9659565324433,0.964177287852896,0.968349135632396,0.964817989633878,0.968349135632396,0.964817989633878,0.967866990976145,0.964688959577479,0.96596435342093,0.96417843777095
119,67.965948,8002680.279734,6,90390,64.03458377624,7552485.25877444,30.5846766,3601206.1258803,30.5846766,3601206.1258803,33.982974,4001340.139867,64.11690976026,7559155.93959229,6,0.0936993675318664,0.0119682458029276,0.196176669724865,0.0250999239811369,0.196176669724865,0.0250999239811369,0.176559002752378,0.0225899315830232,0.0935790577311764,0.0119576842602979,0.959516207127315,0.955865337112676,0.964093793998059,0.956451919666403,0.964093793998059,0.956451919666403,0.963217487022308,0.956339800123817,0.959510832975652,0.955864865336216
120,36.265225,6672310.155244,0,0,36.265225,6672310.155244,16.31935125,3002539.5698598,16.31935125,3002539.5698598,18.1326125,3336155.077622,36.265225,6672310.155244,0,0,0,0,0,0,0,0,0,0,0,1,1,1,1,1,1,1,1,1,1
