"Duration","Policies","Exposure","Deaths_Num","Deaths_Amt","EDeaths_Num_QX2001VBT","EDeaths_Amt_QX2001VBT","EDeaths_Num_QX2008VBT","EDeaths_Amt_QX2008VBT","EDeaths_Num_QX2008VBTLU","EDeaths_Amt_QX2008VBTLU","EDeaths_Num_QX2015VBT","EDeaths_Amt_QX2015VBT","EDeaths_Num_QX7580E","EDeaths_Amt_QX7580E","Deaths_Num_Cap","AE_Num_QX2001VBT","AE_Amt_QX2001VBT","AE_Num_QX2008VBT","AE_Amt_QX2008VBT","AE_Num_QX2008VBTLU","AE_Amt_QX2008VBTLU","AE_Num_QX2015VBT","AE_Amt_QX2015VBT","AE_Num_QX7580E","AE_Amt_QX7580E","Cred_AE_Num_QX2001VBT","Cred_AE_Amt_QX2001VBT","Cred_AE_Num_QX2008VBT","Cred_AE_Amt_QX2008VBT","Cred_AE_Num_QX2008VBTLU","Cred_AE_Amt_QX2008VBTLU","Cred_AE_Num_QX2015VBT","Cred_AE_Amt_QX2015VBT","Cred_AE_Num_QX7580E","Cred_AE_Amt_QX7580E"
1,16360324.967929,6087476771638.28,9755,2041328482,11517.399332214,4012048239.37643,8177.43392589639,2756611586.29702,16303.3540798995,5762424185.77365,6167.83368406027,2139934085.29368,18394.3067669893,6994446948.18945,3007,0.846979402087362,0.508799585699216,1.19291700653279,0.740520896069415,0.598343135540865,0.354248215020279,1.58159258172122,0.953921195997893,0.530327134562442,0.291849877069753,0.846979402087362,0.508799585699216,1.19291700653279,0.740520896069415,0.598343135540865,0.354248215020279,1.58159258172122,0.953921195997893,0.530327134562442,0.291849877069753
2,14978077.177815,5836718471807.21,12292,2881794842,15416.6150590043,5673331032.5419,11353.3123549375,4113448736.36712,21513.6383022424,8139700795.59722,8747.00082788169,3160092822.91414,23123.7081411448,9288185078.67497,3007,0.797321587972109,0.507954643483729,1.08267962826322,0.700578766552253,0.571358494891065,0.354041863990722,1.4052816779002,0.911933605590262,0.53157564197623,0.310264579957219,0.797321587972109,0.507954643483729,1.08267962826322,0.700578766552253,0.571358494891065,0.354041863990722,1.4052816779002,0.911933605590262,0.53157564197623,0.310264579957219
3,14078921.885204,5628756696261.51,14894,3980014769,18382.9516692569,7192603126.57657,14075.5847895378,5385011329.90605,25014.385478418,9958946509.55797,11728.0216911602,4436010789.41179,28348.5833350508,11965067273.766,3007,0.810207210896838,0.553348307832237,1.05814431319902,0.739091252584132,0.595417385442082,0.399642147407884,1.26994990222657,0.897205836040751,0.525387805943189,0.332636221588689,0.810207210896838,0.553348307832237,1.05814431319902,0.739091252584132,0.595417385442082,0.399642147407884,1.26994990222657,0.897205836040751,0.525387805943189,0.332636221588689
4,13342294.574483,5373624526920.42,15878,4727824018,20956.9593307508,8715955683.42702,16260.6183345355,6636505528.91066,27788.3584135014,11646248912.3043,13741.6605205839,5446067874.23647,32322.0517109658,14229365460.1092,3007,0.757648080019971,0.542433232765253,0.976469631925199,0.71239660652796,0.571390355764429,0.405952513431604,1.15546443431753,0.868116984065835,0.491243567765629,0.332258246599544,0.757648080019971,0.542433232765253,0.976469631925199,0.71239660652796,0.571390355764429,0.405952513431604,1.15546443431753,0.868116984065835,0.491243567765629,0.332258246599544
5,12768692.609185,5095067661953.75,17272,5413376932,23790.8418210503,10347558749.0403,18393.193182229,7947020741.46069,30196.3710524217,13174859494.397,15460.3207633397,6391638640.71773,36130.6251099352,16349460809.4022,3007,0.725993646207072,0.523154984019981,0.939043037762888,0.681183189035569,0.571989262220131,0.410886881511124,1.11718251285939,0.84694664956718,0.478043209810132,0.331104309500341,0.725993646207072,0.523154984019981,0.939043037762888,0.681183189035569,0.571989262220131,0.410886881511124,1.11718251285939,0.84694664956718,0.478043209810132,0.331104309500341
6,12459227.142274,4881845320704.34,19205,6516462365,27448.7054956439,12308288102.0653,20872.7742628648,9476710283.35184,32971.1315977646,14854829037.797,17322.672628822,7506725490.35631,39656.8487894507,18205297532.8568,3007,0.699668696691283,0.529436938017932,0.920098102827087,0.687629163513394,0.582479249856928,0.438676362307459,1.10866264181695,0.868083210631789,0.484279527653967,0.357943195008988,0.699668696691283,0.529436938017932,0.920098102827087,0.687629163513394,0.582479249856928,0.438676362307459,1.10866264181695,0.868083210631789,0.484279527653967,0.357943195008988
7,12353641.018931,4701694863591.27,21592,7698819005,31740.6184121315,14231854621.0023,23749.5625805411,10943886569.8529,36343.6254604361,16414477546.0182,19710.8818016698,8753895938.9259,44176.4007153077,20061364847.0499,3007,0.680263998629195,0.540956833105833,0.909153586588208,0.703481250089701,0.594106936951163,0.46902613765295,1.09543551715534,0.879473443448843,0.488767750436447,0.383763470915197,0.680263998629195,0.540956833105833,0.909153586588208,0.703481250089701,0.594106936951163,0.46902613765295,1.09543551715534,0.879473443448843,0.488767750436447,0.383763470915197
8,12236618.880451,4429644509331.07,24163,8154026638,36198.6379939931,15628032939.4612,26871.2555593642,12025118931.9782,39987.8768721133,17450620705.9336,22573.7876619924,9912201077.84837,48556.612322584,21105024247.1228,3007,0.66751130260784,0.521756427669849,0.899213657754805,0.678082826799833,0.604258137466927,0.467262842703781,1.0704007835018,0.822625224605511,0.497625325248682,0.386354762852813,0.66751130260784,0.521756427669849,0.899213657754805,0.678082826799833,0.604258137466927,0.467262842703781,1.0704007835018,0.822625224605511,0.497625325248682,0.386354762852813
9,12021661.164284,4067318097189.19,27568,9116089890,40505.1360191074,16174589753.9934,30076.3390064612,12445872287.645,44139.6452654238,17826695777.4142,25663.4524441354,10569118857.5561,52921.2280895237,21368828790.0834,3007,0.680605046900605,0.563605632578673,0.916600919881828,0.732458897159784,0.624563243184807,0.511372943355536,1.07421244511082,0.862521276641968,0.520925174929139,0.426606903895008,0.680605046900605,0.563605632578673,0.916600919881828,0.732458897159784,0.624563243184807,0.511372943355536,1.07421244511082,0.862521276641968,0.520925174929139,0.426606903895008
10,11937617.521675,3759957661172.53,30348,9381213103,45754.30819697,16379496623.1944,33297.9937724772,12263691930.5894,48356.2028764336,17547983521.6421,28811.927749539,10611275468.7371,57680.8770980754,21013904845.5994,3007,0.663281802215289,0.572741233678426,0.911406260910664,0.764958314029428,0.627592701551637,0.534603482584199,1.05331376171057,0.884079687747142,0.526136243531786,0.446428837092815,0.663281802215289,0.572741233678426,0.911406260910664,0.764958314029428,0.627592701551637,0.534603482584199,1.05331376171057,0.884079687747142,0.526136243531786,0.446428837092815
11,10498967.997485,2956452924027.22,30019,7680397636,42825.235554783,13355703091.7124,30708.3788966955,9791564407.45935,44155.1024826159,14021101951.6681,26740.0986031517,8520882464.39438,53607.0017403792,17246103974.0481,3007,0.700965204536914,0.575065017787487,0.977550788369045,0.784389226929761,0.679853478130158,0.547774180836497,1.12262114083834,0.901361762481004,0.559982819882059,0.445341025866331,0.700965204536914,0.575065017787487,0.977550788369045,0.784389226929761,0.679853478130158,0.547774180836497,1.12262114083834,0.901361762481004,0.559982819882059,0.445341025866331
12,10097579.069274,2613643484642.29,31731,6802263177,46314.7953323827,12620404359.3366,32456.85050335,8890354089.98323,46141.0341722049,12850786514.5597,28294.2116450321,7662897171.68376,56891.4227681554,16430079910.562,3007,0.685115841974024,0.538989321048787,0.977636446787247,0.765128487364088,0.687695899523521,0.529326603417867,1.12146612876459,0.887688171274958,0.557746641867449,0.414012787157972,0.685115841974024,0.538989321048787,0.977636446787247,0.765128487364088,0.687695899523521,0.529326603417867,1.12146612876459,0.887688171274958,0.557746641867449,0.414012787157972
13,9532967.078216,2238750161543.09,33316,6287227897,48641.4040862885,11726941050.428,33652.4188608444,8089924045.50265,47125.4837097496,11657124304.9489,29632.2664302688,6985034551.42271,58938.6131395496,15335217683.0589,3007,0.684930886059504,0.536135371531565,0.990003129872017,0.777167728848479,0.70696356572585,0.539346388742792,1.12431494494016,0.9000997562309,0.565266100189995,0.409986217798891,0.684930886059504,0.536135371531565,0.990003129872017,0.777167728848479,0.70696356572585,0.539346388742792,1.12431494494016,0.9000997562309,0.565266100189995,0.409986217798891
14,8973135.324331,1890813421555.59,35378,5737100308,50633.9391189049,10690426265.4778,34828.4604305097,7268050624.21761,47917.547132744,10401538934.7778,31053.1067656187,6306157191.51933,61334.6055737441,14094413324.3049,3007,0.698701318041265,0.536657768879302,1.01577846286335,0.789358881029751,0.738309911857421,0.551562643179448,1.13927409154339,0.909761703326297,0.576803252732491,0.407047826397054,0.698701318041265,0.536657768879302,1.01577846286335,0.789358881029751,0.738309911857421,0.551562643179448,1.13927409154339,0.909761703326297,0.576803252732491,0.407047826397054
15,8438740.520996,1580668689761.47,37349,5351478632,52880.5571831892,9773005684.6313,36312.2736362735,6572893773.55933,48957.9451800822,9290981937.11936,32789.1176752674,5743687127.03321,63239.8164632027,12805141146.6575,3007,0.706289834855849,0.547577562593211,1.02855030158979,0.814173911272886,0.762879239776487,0.575986334729568,1.13906694196203,0.931714857310518,0.590593111884381,0.41791641112811,0.706289834855849,0.547577562593211,1.02855030158979,0.814173911272886,0.762879239776487,0.575986334729568,1.13906694196203,0.931714857310518,0.590593111884381,0.41791641112811
16,7720829.310576,1256742629189.01,38811,4788640794,51964.9421347548,8159188659.64211,36165.9189417184,5511662107.66516,47586.0768234302,7656507934.77539,33321.3899566813,4897993751.56806,70148.6502726574,11830856408.5337,3007,0.746868915957913,0.586901589576683,1.07313739386919,0.868819731772084,0.815595707627035,0.625434053591231,1.16474733048217,0.977673928731933,0.553267950974786,0.404758593008188,0.746868915957913,0.586901589576683,1.07313739386919,0.868819731772084,0.815595707627035,0.625434053591231,1.16474733048217,0.977673928731933,0.553267950974786,0.404758593008188
17,7193610.470445,969169619643.78,41556,4217685573,53361.3381043376,6891148926.75259,37790.0457093391,4724940826.85525,48334.9689041105,6368504457.50307,35418.3500800352,4288836787.43854,70653.1260887636,9770989983.96507,3007,0.77876607814342,0.612043886706067,1.09965466354888,0.892643046242578,0.8597502169173,0.662272532137576,1.17329011391258,0.983410137068649,0.58816930404172,0.431653863111265,0.77876607814342,0.612043886706067,1.09965466354888,0.892643046242578,0.8597502169173,0.662272532137576,1.17329011391258,0.983410137068649,0.58816930404172,0.431653863111265
18,6970297.683112,810035236836.408,45812,4170365529,56834.9836492044,6266390478.3492,40926.9875320874,4359872592.85235,51358.3910937839,5744853622.42218,38567.5501171923,3996971477.5165,74281.1260762194,8738239765.39688,3007,0.806052840320317,0.665513191909903,1.11935919945446,0.956533806936691,0.892006136180243,0.72593068563541,1.18783795861533,1.04338135822556,0.616738092432694,0.477254646355036,0.806052840320317,0.665513191909903,1.11935919945446,0.956533806936691,0.892006136180243,0.72593068563541,1.18783795861533,1.04338135822556,0.616738092432694,0.477254646355036
19,6898789.200757,712125728757.783,50770,4034543228,61850.9721194778,6030874306.65314,45240.335323726,4250848463.76056,55845.8941088988,5487884138.92742,42668.8311295933,3916651635.43463,79908.0041663499,8284918173.08808,3007,0.820844010372665,0.668981481432828,1.12222864036496,0.949114809054095,0.909108911408941,0.735172814488123,1.18986151380154,1.03010009659751,0.635355625880839,0.486974420713703,0.820844010372665,0.668981481432828,1.12222864036496,0.949114809054095,0.909108911408941,0.735172814488123,1.18986151380154,1.03010009659751,0.635355625880839,0.486974420713703
20,6960551.479997,657308800366.471,55946,4105119048,67675.0606755182,6030000686.38476,50133.2402440774,4289421913.21714,61087.3205036926,5446120541.09689,47125.812864649,3953944072.7038,86482.1841030618,8161725325.3668,3007,0.826685627490524,0.680782517532546,1.11594622106257,0.957033169283432,0.915836535940682,0.753769406501825,1.18716254636676,1.03823396904874,0.646907806275204,0.502971967856013,0.826685627490524,0.680782517532546,1.11594622106257,0.957033169283432,0.915836535940682,0.753769406501825,1.18716254636676,1.03823396904874,0.646907806275204,0.502971967856013
21,6827300.886499,590410729111.474,61135,4107074829,72056.5084873329,5867541150.01212,54462.6638858586,4228045267.7418,65462.0651450269,5284948850.92562,50866.9516666875,3885385222.89222,91050.7468973805,7824697217.06645,3007,0.84843133928349,0.699965236544019,1.12251211450334,0.971388565854592,0.933899654167027,0.777126694098595,1.20186089389817,1.05705730407415,0.671438753477802,0.524886102946202,0.84843133928349,0.699965236544019,1.12251211450334,0.971388565854592,0.933899654167027,0.777126694098595,1.20186089389817,1.05705730407415,0.671438753477802,0.524886102946202
22,6886984.757454,562632222611.78,66314,4208996072,78454.0214462388,6000553429.15044,60450.7934474641,4379640861.73954,71927.5317831975,5411831438.19013,55661.6238646058,3982782692.42066,98194.5694127061,7908060432.09069,3007,0.845259411532424,0.701434646269937,1.09699139114909,0.961036807554179,0.921955728995155,0.777739683889269,1.19137738707203,1.05679782128456,0.67533266245393,0.532241262967593,0.845259411532424,0.701434646269937,1.09699139114909,0.961036807554179,0.921955728995155,0.777739683889269,1.19137738707203,1.05679782128456,0.67533266245393,0.532241262967593
23,6941992.48299,540050153473.436,71902,4446042548,85090.9154590301,6173198257.24377,67007.4235890273,4583158651.79592,79010.7898999725,5602445711.89679,60511.7289522128,4095679419.21665,105469.761582493,8047547780.56312,3007,0.845002073513002,0.720217035437492,1.07304528586254,0.970082618950537,0.910027606242486,0.793589581521304,1.18823245088208,1.08554456853714,0.681730942795032,0.552471717998161,0.845002073513002,0.720217035437492,1.07304528586254,0.970082618950537,0.910027606242486,0.793589581521304,1.18823245088208,1.08554456853714,0.681730942795032,0.552471717998161
24,6967387.276602,515368967298.458,76795,4423644825,91400.2700807516,6273290576.44516,73725.2153378547,4755859575.42689,85857.5364450219,5733288071.44728,65109.0094220577,4156018692.17284,112315.577298143,8087857212.4858,3007,0.840205394712205,0.705155415821136,1.0416381918734,0.930146223798655,0.894446814802041,0.771572049035959,1.17948346444944,1.06439483376992,0.683743091095433,0.546948927111486,0.840205394712205,0.705155415821136,1.0416381918734,0.930146223798655,0.894446814802041,0.771572049035959,1.17948346444944,1.06439483376992,0.683743091095433,0.546948927111486
25,6953484.976256,488611097838.075,80329,4535537873,96092.8717927307,6272668979.52965,80024.4657646422,4914692740.1666,92808.6933428668,5871122457.16152,68649.246999853,4167792392.31301,117606.683801623,8031645925.60293,3007,0.835951704859722,0.723063481876911,1.00380551413181,0.922852783029984,0.865533142496009,0.772516312867501,1.17013665131931,1.08823507652762,0.683030907796852,0.564708394146437,0.835951704859722,0.723063481876911,1.00380551413181,0.922852783029984,0.865533142496009,0.772516312867501,1.17013665131931,1.08823507652762,0.683030907796852,0.564708394146437
26,6842305.402368,454744780064.971,83387,4344644409,102048.687032264,6316331127.69156,85841.2720609583,5013131369.027,99689.7536745074,5944468835.71828,71248.7895756331,4097393389.05184,121107.468690348,7833018894.75437,3007,0.817129572413175,0.687843040709591,0.971409183461128,0.86665281421565,0.836465102243739,0.730871761475898,1.17036374227076,1.06034349071993,0.688537221541695,0.554657721036461,0.817129572413175,0.687843040709591,0.971409183461128,0.86665281421565,0.836465102243739,0.730871761475898,1.17036374227076,1.06034349071993,0.688537221541695,0.554657721036461
27,6516798.52604,406718757206.733,84402,4266406771,102054.975633322,5997998240.08688,86157.1400407924,4770883691.35531,100141.773780671,5640474949.01485,71936.2367351192,3913472914.07434,121033.432325117,7408464752.25929,3007,0.827024841035204,0.7113051055077,0.979628617663476,0.894259228899374,0.84282509499838,0.756391404902022,1.173289065854,1.09018431063017,0.697344513648768,0.575882711691233,0.827024841035204,0.7113051055077,0.979628617663476,0.894259228899374,0.84282509499838,0.756391404902022,1.173289065854,1.09018431063017,0.697344513648768,0.575882711691233
28,5986860.186422,346676708844.723,82441,3943420210,98542.1084281282,5466979541.63326,83627.5162664164,4365263375.00018,97270.3846414557,5143086571.7452,70349.9229333049,3598858355.12738,116735.757835229,6720200125.82136,3007,0.836606820323196,0.721316072242317,0.985811891595148,0.903363639542101,0.847544710590817,0.766741946687062,1.17187050905739,1.09574198839521,0.706218912943234,0.586801008328309,0.836606820323196,0.721316072242317,0.985811891595148,0.903363639542101,0.847544710590817,0.766741946687062,1.17187050905739,1.09574198839521,0.706218912943234,0.586801008328309
29,5350736.996731,283763386040.973,76879,3380271219,90961.12595566,4690854399.20729,77595.5360118401,3755668218.85506,90481.9957044557,4423245367.01746,65786.0466769843,3109879953.62842,107784.967837887,5749728232.55132,3007,0.845185228220191,0.720608855301762,0.990765757301672,0.900045217527361,0.849660746333585,0.764206128876653,1.16862167409881,1.08694588517994,0.713262726168174,0.58790104197674,0.845185228220191,0.720608855301762,0.990765757301672,0.900045217527361,0.849660746333585,0.764206128876653,1.16862167409881,1.08694588517994,0.713262726168174,0.58790104197674
30,4684922.529322,223460876878.069,70230,2837069566,81120.8184068311,3841972918.69504,69578.4792753007,3082153727.68336,81494.1510979704,3636646325.81624,59472.7623254024,2564192404.24264,96298.4306628378,4700218885.29209,3007,0.865745703498549,0.738440802691456,1.00936382530181,0.920482823591161,0.86177963760333,0.780133483385472,1.18087671152283,1.10641836443547,0.729295373939071,0.603603711920257,0.865745703498549,0.738440802691456,1.00936382530181,0.920482823591161,0.86177963760333,0.780133483385472,1.18087671152283,1.10641836443547,0.729295373939071,0.603603711920257
31,4016312.9469,169334064863.172,61787,2201019039,71549.7632790426,3075843729.93652,61885.454809236,2484181539.62319,72785.9720672875,2932950341.85431,53507.5712750608,2083870148.4258,85068.3043149818,3749717974.29847,3007,0.863552822097146,0.715582205161453,0.998409079976233,0.886013765054326,0.848886100509595,0.750445381768189,1.15473377930719,1.05621698197592,0.72632222421199,0.586982555511201,0.863552822097146,0.715582205161453,0.998409079976233,0.886013765054326,0.848886100509595,0.750445381768189,1.15473377930719,1.05621698197592,0.72632222421199,0.586982555511201
32,3426915.815172,123485970904.575,54916,1691187800,62229.7104535802,2408816731.24438,54343.0502748148,1965081665.40627,64321.375392963,2321999145.84351,47632.3549220303,1670197378.87555,74177.2710987942,2920098871.77754,3007,0.882472368901093,0.702082386785127,1.01054320142664,0.860619601603356,0.853775275551835,0.728332653794169,1.15291381435775,1.01256762906584,0.740334595577926,0.579154293830651,0.882472368901093,0.702082386785127,1.01054320142664,0.860619601603356,0.853775275551835,0.728332653794169,1.15291381435775,1.01256762906584,0.740334595577926,0.579154293830651
33,2974623.633931,88017205535.3083,48421,1270154764,54028.2685877329,1797240039.60727,47503.7388750293,1483195228.09107,56719.3704935109,1764751292.01357,42097.3406687001,1277884662.67167,64645.0410112881,2171513784.37461,3007,0.896216022939406,0.706725165258143,1.01930924063438,0.85636384202418,0.853694241996916,0.719735845922378,1.15021517347298,0.993951020074446,0.749028838755705,0.584916740174321,0.896216022939406,0.706725165258143,1.01930924063438,0.85636384202418,0.853694241996916,0.719735845922378,1.15021517347298,0.993951020074446,0.749028838755705,0.584916740174321
34,2724383.866801,67803683791.2712,44738,1031857429,49332.0694057807,1443510223.11708,43487.5746071151,1202068781.02681,52339.6280952847,1441899400.02258,38771.8803719166,1049799487.49959,59312.5989726001,1743901089.7717,3007,0.906874585617072,0.714825161938813,1.02875362455096,0.858401320528919,0.854763429318873,0.715623731436356,1.15387748984196,0.982909061479615,0.754274821453483,0.591694927569019,0.906874585617072,0.714825161938813,1.02875362455096,0.858401320528919,0.854763429318873,0.715623731436356,1.15387748984196,0.982909061479615,0.754274821453483,0.591694927569019
35,2628416.682669,58654504725.8753,43910,946038135,48317.5216899375,1290449046.83201,42576.7277326842,1078558853.40649,51508.5897428082,1302767294.14384,38103.6262438984,951522952.195438,58395.3719096884,1564451478.63641,3007,0.908780054609974,0.733107701789912,1.03131457813495,0.877131676228945,0.852479173265094,0.726175840652896,1.15238375788528,0.994235748929879,0.751943151726291,0.604709157119128,0.908780054609974,0.733107701789912,1.03131457813495,0.877131676228945,0.852479173265094,0.726175840652896,1.15238375788528,0.994235748929879,0.751943151726291,0.604709157119128
36,2567595.271021,52084262256.9482,44199,853631411,48664.1049515478,1176170516.15809,42839.9822589648,985451808.889557,51892.2025090701,1194906755.89015,38418.5253540846,873675499.40231,58987.2890038187,1430350346.67896,3007,0.908246438396566,0.725771815627849,1.03172311633604,0.866233542116994,0.851746464071834,0.714391651726902,1.1504606070285,0.97705774235855,0.749297022230309,0.596798828330411,0.908246438396566,0.725771815627849,1.03172311633604,0.866233542116994,0.851746464071834,0.714391651726902,1.1504606070285,0.97705774235855,0.749297022230309,0.596798828330411
37,2538728.764255,47488013805.7561,45460,802254542,50388.3369397321,1112959400.25463,44246.430666512,931960622.739982,53479.9995976019,1128786975.24079,39720.4438546933,826825887.154515,61103.1402137832,1354299135.22782,3007,0.902192903377091,0.720830015736833,1.02742750805449,0.860824505268641,0.850037403553729,0.710722713494163,1.14449879176334,0.97028232238945,0.743987949570969,0.592376175345517,0.902192903377091,0.720830015736833,1.02742750805449,0.860824505268641,0.850037403553729,0.710722713494163,1.14449879176334,0.97028232238945,0.743987949570969,0.592376175345517
38,2494024.081006,43332164514.2597,47120,798591303,52335.5566801514,1067876892.19374,45753.6680208168,894343070.709989,55140.5329218874,1080143475.1161,41118.1111260651,794440283.638625,63447.2350906499,1298768746.93218,3007,0.9003439150934,0.747830867806729,1.02986278561451,0.892936199937262,0.854543790259529,0.739338172564679,1.1459670376281,1.00522508670175,0.742664356180022,0.614883369257498,0.9003439150934,0.747830867806729,1.02986278561451,0.892936199937262,0.854543790259529,0.739338172564679,1.1459670376281,1.00522508670175,0.742664356180022,0.614883369257498
39,2435190.856391,39654381223.6255,48134,745909360,54213.455504187,1030739950.17504,47194.1269827031,863349357.655881,56700.3384280942,1039711480.70923,42450.0379400914,767542877.627335,65680.2363848868,1253289991.06452,3007,0.887860763575244,0.723663965749389,1.01991504192124,0.863971639505532,0.848919095272106,0.717419566715936,1.13389769092622,0.971814580972714,0.732853635269129,0.59516102842762,0.887860763575244,0.723663965749389,1.01991504192124,0.863971639505532,0.848919095272106,0.717419566715936,1.13389769092622,0.971814580972714,0.732853635269129,0.59516102842762
40,2377401.330732,36681720011.8313,49116,747828831,55725.7557446185,1000616521.42553,48282.0961447974,836413858.519608,57866.5368778322,1005272697.11322,43447.1440072709,743836134.713044,67467.7222262745,1216487523.79309,3007,0.881387777405661,0.747368062576665,1.01727149237062,0.894089479009354,0.848780705568984,0.743906437673576,1.13047706868328,1.00536770950029,0.727992562654981,0.614744349097984,0.881387777405661,0.747368062576665,1.01727149237062,0.894089479009354,0.848780705568984,0.743906437673576,1.13047706868328,1.00536770950029,0.727992562654981,0.614744349097984
41,2319213.721407,34162842122.58,50064,709543978,57153.9768892142,979690498.689442,49288.1804041698,816665148.035858,58949.2005577644,979877065.527274,44355.9390451829,726175684.83097,69158.4631427884,1190974564.30474,3007,0.87594954410684,0.724253199300367,1.01574047955247,0.86883097644917,0.849273603819991,0.724115302788715,1.12868763637272,0.97709685523987,0.723902726071791,0.595767532965085,0.87594954410684,0.724253199300367,1.01574047955247,0.86883097644917,0.849273603819991,0.724115302788715,1.12868763637272,0.97709685523987,0.723902726071791,0.595767532965085
42,2272587.873089,32033815238.0681,51105,717843194,58924.7301914863,967005231.912927,50607.5274038716,804725216.958619,60404.2305445997,963224983.536478,45540.6295046369,715801497.944623,71244.4365052076,1174525190.02525,3007,0.867292897802421,0.742336411748223,1.00983001189049,0.892035167871362,0.846050012378957,0.745249766429896,1.12218475141624,1.00285232157412,0.717319169143327,0.611177350725502,0.867292897802421,0.742336411748223,1.00983001189049,0.892035167871362,0.846050012378957,0.745249766429896,1.12218475141624,1.00285232157412,0.717319169143327,0.611177350725502
43,2234681.005711,29933471042.9704,52131,691446043,60816.0937383452,953579236.07214,52145.3711116001,793685411.889694,62120.2578353586,947233273.001435,46929.0828932377,706499371.643249,73467.115206976,1156416773.51433,3007,0.857190865041219,0.725106018298086,0.999724402927934,0.871184014021033,0.839194842657708,0.729963845979629,1.11084634060709,0.978693075680681,0.709582782080573,0.597921146455452,0.857190865041219,0.725106018298086,0.999724402927934,0.871184014021033,0.839194842657708,0.729963845979629,1.11084634060709,0.978693075680681,0.709582782080573,0.597921146455452
44,2215363.138692,28131687155.323,54119,698308917,63252.3569086268,945762494.125891,54296.9379275486,788389276.568145,64635.9930461792,938421868.549007,48865.6077480982,702671289.692167,76347.1701828989,1144895483.04453,3007,0.855604480923601,0.738355476493496,0.996722873621602,0.885741267359363,0.83728890745648,0.744131120984775,1.10750694596869,0.993791730562838,0.708854039650079,0.609932458762999,0.855604480923601,0.738355476493496,0.996722873621602,0.885741267359363,0.83728890745648,0.744131120984775,1.10750694596869,0.993791730562838,0.708854039650079,0.609932458762999
45,2193103.461891,26451250545.028,55829,712189217,65685.0481265675,935826448.982481,56405.747220234,781315780.632919,66956.7316742009,926929987.412046,50801.0954557219,697302181.106735,79208.1419052773,1131128625.35387,3007,0.849949898680503,0.761027023519542,0.989775027392473,0.911525448037256,0.833807125945956,0.76833118646685,1.09897236465423,1.02134947558838,0.704839157403342,0.629627083106657,0.849949898680503,0.761027023519542,0.989775027392473,0.911525448037256,0.833807125945956,0.76833118646685,1.09897236465423,1.02134947558838,0.704839157403342,0.629627083106657
46,2179779.717351,24945147447.5939,57710,695307188,68594.8298840114,926314248.570997,58955.2866278033,774803986.598036,69748.019527746,916021544.759006,53149.3559755815,692512539.855159,82602.1373570353,1117615995.19112,3007,0.841317051118622,0.750616962950353,0.978877439174115,0.897397535411394,0.827407005829647,0.759051129286404,1.08580807689399,1.00403551991337,0.698650202603804,0.622134249144403,0.841317051118622,0.750616962950353,0.978877439174115,0.897397535411394,0.827407005829647,0.759051129286404,1.08580807689399,1.00403551991337,0.698650202603804,0.622134249144403
47,2145330.330401,23336178958.2401,59469,689497300,71287.7475115148,916922931.465762,61345.4806230059,768972393.515155,72287.3641479557,905163222.121888,55369.6568328144,688703232.712226,85672.6765863748,1103328565.365,3007,0.834210675409462,0.751968651168744,0.969411265443698,0.896647663576249,0.82267489900836,0.761738085628001,1.07403591428358,1.00115298905255,0.69414196415404,0.624924724732294,0.834210675409462,0.751968651168744,0.969411265443698,0.896647663576249,0.82267489900836,0.761738085628001,1.07403591428358,1.00115298905255,0.69414196415404,0.624924724732294
48,2085122.135809,21650132018.5773,60188,683574393,72996.0530122713,901644917.182014,62832.7864916757,757798500.425444,73772.7723565486,887779242.162628,56741.3511652391,680194004.141966,87540.6209943341,1081267647.69735,3007,0.824537732059045,0.758141458986351,0.957907540961499,0.902052976637229,0.815856556252319,0.769982401632657,1.06074315757346,1.00496974221685,0.687543671913129,0.632197212647331,0.824537732059045,0.758141458986351,0.957907540961499,0.902052976637229,0.815856556252319,0.769982401632657,1.06074315757346,1.00496974221685,0.687543671913129,0.632197212647331
49,2013790.969009,20035632745.2868,60472,666883559,74134.6211262022,884929323.280606,63801.8511300822,744849888.53925,74648.6652591987,868692781.412293,57636.1647835583,669990697.408542,88724.3219711598,1057733962.8856,3007,0.81570525459429,0.753600927730288,0.947809490303139,0.895326117733397,0.8100881615234,0.767686313584651,1.0492023580523,0.995362415596873,0.681571847003313,0.630483261765253,0.81570525459429,0.753600927730288,0.947809490303139,0.895326117733397,0.8100881615234,0.767686313584651,1.0492023580523,0.995362415596873,0.681571847003313,0.630483261765253
50,1946217.574652,18594682023.8743,60967,656937666,75343.1490937741,869235139.330071,64782.9288806951,732211412.069019,75551.6970607869,850501842.941955,58513.856744589,659687490.684371,90004.9426549953,1035899409.00881,3007,0.809191024443627,0.755765196637482,0.941096690955073,0.897196704628903,0.806957386423068,0.772411807748234,1.04192414227828,0.995831625241948,0.677373910827288,0.6341712914274,0.809191024443627,0.755765196637482,0.941096690955073,0.897196704628903,0.806957386423068,0.772411807748234,1.04192414227828,0.995831625241948,0.677373910827288,0.6341712914274
51,1866849.214183,17099094568.4754,60640,645187335,75743.6863149272,846349611.267375,64999.6970674627,713803963.677461,75580.0493536565,825534992.236981,58690.3651304627,644139414.812568,90296.94454969,1005083730.87726,3007,0.800594781562002,0.762317754283431,0.932927424831875,0.903871886163319,0.802328134455846,0.781538446058735,1.0332189937003,1.00162685307456,0.671562036815433,0.641923966311607,0.800594781562002,0.762317754283431,0.932927424831875,0.903871886163319,0.802328134455846,0.781538446058735,1.0332189937003,1.00162685307456,0.671562036815433,0.641923966311607
52,1790801.366026,15727359334.0101,60013,622615900,76131.8065411299,825122933.680046,65166.083437339,695747012.490602,75573.3581587196,801275700.214254,58816.3343557944,628858168.370622,90567.7111011722,975989518.700621,3007,0.788277629634051,0.754573500003369,0.920923843117041,0.894888355713076,0.794102597293088,0.77703080204918,1.02034580456794,0.9900736466749,0.662631298399052,0.637932977834554,0.788277629634051,0.754573500003369,0.920923843117041,0.894888355713076,0.794102597293088,0.77703080204918,1.02034580456794,0.9900736466749,0.662631298399052,0.637932977834554
53,1737042.948426,14673267177.694,60667,602622231,77536.1531412223,818738484.807427,66132.0373660075,689443680.020549,76507.1599729428,790822201.265898,59665.8385341659,624206843.31877,92011.9741851351,964466735.470289,3007,0.782435000218579,0.736037504260888,0.91736172687738,0.874070280812551,0.792958463253051,0.762019869997783,1.01677947533178,0.965420737452974,0.659338097429943,0.624824277330988,0.782435000218579,0.736037504260888,0.91736172687738,0.874070280812551,0.792958463253051,0.762019869997783,1.01677947533178,0.965420737452974,0.659338097429943,0.624824277330988
54,1701853.457073,13938097397.8924,62506,607764133,79625.7035969068,828150791.807734,67741.0002389962,696268947.610031,78132.1573259145,795387476.7206,61164.4487658781,631690760.133806,94154.6721674984,971120432.707124,3007,0.784997773036045,0.733881002122015,0.92272035812098,0.872887028907684,0.800003508661194,0.764110764612268,1.02193351303233,0.962122879352014,0.663865090930418,0.625838065527855,0.784997773036045,0.733881002122015,0.92272035812098,0.872887028907684,0.800003508661194,0.764110764612268,1.02193351303233,0.962122879352014,0.663865090930418,0.625838065527855
55,1627837.851247,12837178335.4954,61209,590280486,78713.6381649876,810458934.019396,66949.7417345392,682104588.423652,76958.103738563,774715601.663105,60576.6082801046,621328684.362401,92667.7161042354,944107903.29975,3007,0.777616197484138,0.728328680482993,0.914252966691019,0.865381198159276,0.795354836287744,0.761931842772789,1.01043953661075,0.950029349772799,0.660521296663342,0.62522565899185,0.777616197484138,0.728328680482993,0.914252966691019,0.865381198159276,0.795354836287744,0.761931842772789,1.01043953661075,0.950029349772799,0.660521296663342,0.62522565899185
56,1509360.412565,11478455998.6836,58950,571973047,75125.6179960787,763423246.840284,63923.3616168406,643123064.994781,73246.5704183946,726535347.012105,57975.0611275707,588243673.520439,88054.1550065746,883646950.402578,3007,0.784685724689506,0.749221417303346,0.922198058877893,0.8893679579112,0.804815838656601,0.787261142010851,1.01681652168135,0.972340328926846,0.669474370580224,0.647286845430086,0.784685724689506,0.749221417303346,0.922198058877893,0.8893679579112,0.804815838656601,0.787261142010851,1.01681652168135,0.972340328926846,0.669474370580224,0.647286845430086
57,1372618.717134,10007351826.9612,55201,517060071,70005.3237794475,695632434.65757,59648.9045569271,586933222.166317,68157.9687171353,659893654.804204,54233.8171029631,538678623.677755,81725.4931269771,800516099.436907,3007,0.788525743755023,0.743294943190115,0.925431915473282,0.880952127895536,0.809897962615223,0.783550602791318,1.0178335759624,0.959867439086116,0.675444073665411,0.645908397549664,0.788525743755023,0.743294943190115,0.925431915473282,0.880952127895536,0.809897962615223,0.783550602791318,1.0178335759624,0.959867439086116,0.675444073665411,0.645908397549664
58,1222111.882187,8464792632.60122,49856,457524310,63685.6237060516,614699143.936784,54412.9043796667,519781677.856275,61999.3672927311,581359046.418604,49602.1014428764,478888390.995396,74070.6956724624,703073705.940816,3007,0.782845438243899,0.744306079669849,0.916253241182076,0.880224004599312,0.804137238443161,0.786990953041027,1.00511870565436,0.955388183557782,0.673086698422021,0.650748714016783,0.782845438243899,0.744306079669849,0.916253241182076,0.880224004599312,0.804137238443161,0.786990953041027,1.00511870565436,0.955388183557782,0.673086698422021,0.650748714016783
59,1079775.352981,7001324399.45585,44963,400854673,57119.5527964167,526459557.087132,48996.9613229835,446404226.979559,55710.2852643132,497138523.753797,44757.0592260787,412578269.913027,66284.4229907076,599227622.938726,3007,0.787173529881359,0.761415891503432,0.917669153064576,0.897963434872125,0.807086156293698,0.806323899369583,1.00460130262091,0.971584550695075,0.678334335146937,0.668952260635337,0.787173529881359,0.761415891503432,0.917669153064576,0.897963434872125,0.807086156293698,0.806323899369583,1.00460130262091,0.971584550695075,0.678334335146937,0.668952260635337
60,940629.113397,5614774716.03924,39798,339574113,50412.1600585985,435825854.053945,43427.2696731595,370479371.478242,49311.3187859992,410941254.107801,39725.7363897449,343369362.513795,58447.5351732098,494033119.30356,3007,0.789452385173324,0.779150915076205,0.916428785404334,0.916580352760457,0.807076366639371,0.82633249790716,1.00181906282482,0.98894703509361,0.680918363487156,0.687350907725982,0.789452385173324,0.779150915076205,0.916428785404334,0.916580352760457,0.807076366639371,0.82633249790716,1.00181906282482,0.98894703509361,0.680918363487156,0.687350907725982
61,830502.742713,4684194567.1797,36605,293747880,46045.2257425772,371944852.733,39794.2887605071,318427677.890222,45095.6295265566,352436815.030292,36455.7646580793,295148392.986693,53308.5313814976,421048257.23425,3007,0.79497927113325,0.789761917234722,0.919855615972908,0.922494809327692,0.811719458943211,0.833476718301271,1.00409360065055,0.99525488527137,0.686663073458912,0.697658463021671,0.79497927113325,0.789761917234722,0.919855615972908,0.922494809327692,0.811719458943211,0.833476718301271,1.00409360065055,0.99525488527137,0.686663073458912,0.697658463021671
62,757126.855762,4001678119.83096,34625,254968636,43496.6171836805,321677814.925587,37702.3915958727,278604499.136234,42641.1690195514,307959698.742126,34592.550202574,257958519.72168,50296.674190686,364246966.666292,3007,0.796038916170956,0.792621138821716,0.918376753685579,0.91516338318472,0.81200869479268,0.827928579750628,1.00093805739201,0.988409439917292,0.688415298966465,0.699988357716625,0.796038916170956,0.792621138821716,0.918376753685579,0.91516338318472,0.81200869479268,0.827928579750628,1.00093805739201,0.988409439917292,0.688415298966465,0.699988357716625
63,718992.70977,3543892403.90704,34745,238131596,43235.3101207566,294146536.063715,37579.294858443,255606934.287013,42382.6421399455,281971439.12484,34568.4555731462,236912642.473319,49896.1039988692,332601974.416032,3007,0.803625552886215,0.809567908521683,0.924578285220108,0.931631986683935,0.819793156955001,0.844523816806033,1.00510709616402,1.00514516031713,0.696346953276902,0.715965671635296,0.803625552886215,0.809567908521683,0.924578285220108,0.931631986683935,0.819793156955001,0.844523816806033,1.00510709616402,1.00514516031713,0.696346953276902,0.715965671635296
64,686375.74242,3139850736.39555,34887,214185581,43544.4041437862,269810440.007323,37973.2396067922,235106553.505969,42662.9854538446,258786338.957356,35068.9323121921,218266706.954943,50131.1370195304,304622738.373285,3007,0.801182165331762,0.793837262168902,0.918725933348068,0.911014932616763,0.817734615355104,0.827654125263908,0.994812151377393,0.98130211422585,0.6959147961557,0.70311750903354,0.801182165331762,0.793837262168902,0.918725933348068,0.911014932616763,0.817734615355104,0.827654125263908,0.994812151377393,0.98130211422585,0.6959147961557,0.70311750903354
65,650636.789191,2750170083.76715,34410,200034305,43041.2558887156,243025357.511522,37735.5069169448,212660659.603796,42253.5253993411,233566334.75905,34984.8090977854,197806949.108058,49508.5270484135,274126466.436405,3007,0.79946551952313,0.823100548223723,0.911873267682233,0.940626749548693,0.814369917652755,0.856434662154364,0.983569751769153,1.01126025097695,0.695031786470866,0.729715403260438,0.79946551952313,0.823100548223723,0.911873267682233,0.940626749548693,0.814369917652755,0.856434662154364,0.983569751769153,1.01126025097695,0.695031786470866,0.729715403260438
66,610940.318877,2403481059.76287,33516,175673199,41817.3005590608,215447254.74074,36886.3401926359,189501921.221233,41182.5013138912,207798127.87936,34324.8505974239,176577184.700932,48123.990466264,243056211.610494,3007,0.801486455412481,0.815388430970717,0.908629043298019,0.927025952390803,0.813840804484956,0.845403184296202,0.976435422635616,0.99488050677406,0.696450973314349,0.722767782135609,0.801486455412481,0.815388430970717,0.908629043298019,0.927025952390803,0.813840804484956,0.845403184296202,0.976435422635616,0.99488050677406,0.696450973314349,0.722767782135609
67,572489.2035,2083869114.30107,32017,153855934,40484.0433070365,187975991.685142,35886.0589814395,165939098.405617,39949.9653143593,181821955.576575,33521.227605823,154994845.639277,46614.8160484439,212345331.430208,3007,0.790854800672422,0.818487151581076,0.89218490156747,0.927183138140949,0.801427479299765,0.846190073757088,0.955126118186623,0.992651938620413,0.686841710728338,0.724555293793065,0.790854800672422,0.818487151581076,0.89218490156747,0.927183138140949,0.801427479299765,0.846190073757088,0.955126118186623,0.992651938620413,0.686841710728338,0.724555293793065
68,535477.721653,1835974518.40076,31673,136652404,40007.4725404862,169848868.023299,35622.4800333476,150441095.506344,39464.3808653876,164503383.722905,33434.4238767835,140954982.124924,46004.4519739179,191925411.889627,3007,0.791677104019705,0.804552927495842,0.889129560051678,0.908344914267372,0.802571820600356,0.830696614910862,0.947317056119319,0.969475515799003,0.688476846066049,0.712007871467206,0.791677104019705,0.804552927495842,0.889129560051678,0.908344914267372,0.802571820600356,0.830696614910862,0.947317056119319,0.969475515799003,0.688476846066049,0.712007871467206
69,486248.058313,1589448715.60944,31137,125070628,39107.2274119429,153957953.551877,34938.3785203566,136889438.267585,38457.8082650006,149060034.58175,32973.8547627483,128787985.807932,44809.5070014531,173691070.558436,3007,0.79619553879422,0.812368735194036,0.891197626182286,0.913661635133003,0.809640523075177,0.839062115817549,0.944293599399743,0.971135833947462,0.694874862135624,0.72007517483705,0.79619553879422,0.812368735194036,0.891197626182286,0.913661635133003,0.809640523075177,0.839062115817549,0.944293599399743,0.971135833947462,0.694874862135624,0.72007517483705
70,425693.366016,1312944818.11347,29090,108784977,36640.7340657414,132342324.984142,32832.8337500085,118084718.617467,35931.209627322,128114458.773452,31127.5263793257,111544013.487937,41836.983735513,149160476.519151,3007,0.793925142105675,0.821996870714149,0.88600332890829,0.921245172734047,0.809602579532421,0.849123338938404,0.934542618179934,0.975265042007517,0.695317812199429,0.729315027268853,0.793925142105675,0.821996870714149,0.88600332890829,0.921245172734047,0.809602579532421,0.849123338938404,0.934542618179934,0.975265042007517,0.695317812199429,0.729315027268853
71,368540.519322,1091301434.42875,26488,94138067,33669.1466156276,115463222.146285,30264.3756247233,103370546.429106,32954.2826197246,111654963.861335,28796.5324448734,98083038.5673356,38325.9293849594,129868595.082627,3007,0.786714326394763,0.815307811873922,0.875220435023999,0.910685589386552,0.803780203794993,0.843115825257091,0.919832971233854,0.959779268414209,0.691124792668301,0.724871682334793,0.786714326394763,0.815307811873922,0.875220435023999,0.910685589386552,0.803780203794993,0.843115825257091,0.919832971233854,0.959779268414209,0.691124792668301,0.724871682334793
72,310130.126151,896985568.403097,24858,84465418,30722.3271192215,102387375.039129,27765.1387769353,92274664.5068634,30032.7143277009,98996545.30114,26480.1804720421,87785093.0635404,34789.0328595151,114547050.994132,3007,0.809118394695027,0.82495930741188,0.895295362998498,0.915369548633986,0.827697414518142,0.853215814178793,0.938739825668679,0.962184068528155,0.714535529066918,0.737386229212718,0.809118394695027,0.82495930741188,0.895295362998498,0.915369548633986,0.827697414518142,0.853215814178793,0.938739825668679,0.962184068528155,0.714535529066918,0.737386229212718
73,252314.836929,719397220.094173,21815,72648770,27059.9081636151,87811436.6272917,24591.1821019672,79686491.2231299,26446.3049874418,85020918.8510659,23480.9342848304,75935903.1419391,30466.8993881124,97762936.8889657,3007,0.806174206804315,0.827326972320834,0.887106602258656,0.911682380349468,0.824878939056289,0.854481120431801,0.929051618448308,0.956711739691898,0.716022977005392,0.743111574916278,0.806174206804315,0.827326972320834,0.887106602258656,0.911682380349468,0.824878939056289,0.854481120431801,0.929051618448308,0.956711739691898,0.716022977005392,0.743111574916278
74,203492.857644,572666017.160084,19302,63890620,23527.065591957,74479283.6585195,21455.7781442894,67877330.3664022,22968.4285687819,72119756.8848005,20493.9928969678,64725944.8607602,26341.6559190661,82514462.3860318,3007,0.82041680568097,0.857830753219008,0.89961780319477,0.94126595219815,0.840370944063401,0.885896219839659,0.94183696154476,0.987094435429916,0.732755756103746,0.774296022206351,0.82041680568097,0.857830753219008,0.89961780319477,0.94126595219815,0.840370944063401,0.885896219839659,0.94183696154476,0.987094435429916,0.732755756103746,0.774296022206351
75,158789.574686,428816841.476191,15480,49889873,19292.2645468693,58053614.5966631,17617.0732579083,53086574.111261,18806.2712495188,56246904.188479,16838.5618959061,50692256.1883841,21522.5721541847,64136882.2674356,3007,0.802394138976913,0.859375826063854,0.878693059475759,0.939783247181081,0.823129678106503,0.886979891956771,0.919318413038802,0.98417148399546,0.719244888069299,0.77786557806117,0.802394138976913,0.859375826063854,0.878693059475759,0.939783247181081,0.823129678106503,0.886979891956771,0.919318413038802,0.98417148399546,0.719244888069299,0.77786557806117
76,122122.883301,321714316.981531,12556,39076313,15565.44425875,45200342.4660767,14235.0825472589,41412562.9347928,15151.8384315652,43772495.9728247,13625.0541605931,39618580.5013605,17309.3870123251,49798477.983835,3007,0.806658633783724,0.864513648969079,0.88204616715888,0.943585961137653,0.828678318918883,0.892713840770235,0.921537621209239,0.986312798325979,0.725386750614537,0.784688901791025,0.806658633783724,0.864513648969079,0.88204616715888,0.943585961137653,0.828678318918883,0.892713840770235,0.921537621209239,0.986312798325979,0.725386750614537,0.784688901791025
77,91533.632117,236332189.192434,9734,30631526,12438.0326476023,34945391.4630259,11400.9947252337,32099900.4026181,12081.833094171,33812986.9232538,10944.5879712227,30793317.8041649,13778.3252313176,38371672.0055872,3007,0.782599650265143,0.876554095334998,0.853785150733893,0.954256107209032,0.805672444249895,0.905910089207001,0.889389351668076,0.994745879440668,0.706471928669169,0.798284890883561,0.782599650265143,0.876554095334998,0.853785150733893,0.954256107209032,0.805672444249895,0.905910089207001,0.889389351668076,0.994745879440668,0.706471928669169,0.798284890883561
78,68057.504355,169263984.249151,7585,22325342,9869.08505619152,26331500.6300487,9079.05313080294,24331736.3928623,9570.99291112039,25525363.7307056,8740.52249947484,23361472.6954902,10877.2033611194,28793842.9395367,3007,0.768561620131284,0.847856805188043,0.83543954316844,0.917540024251996,0.792498758533935,0.87463364814441,0.867797091129933,0.955647886201532,0.697329979791738,0.775351245989648,0.768561620131284,0.847856805188043,0.83543954316844,0.917540024251996,0.792498758533935,0.87463364814441,0.867797091129933,0.955647886201532,0.697329979791738,0.775351245989648
79,51708.563822,122366005.150653,5937,16447704,7852.66015348696,19908291.4903919,7255.34677077171,18494564.8067611,7616.37989299574,19324871.2361279,6990.3476261749,17762260.0739983,8619.22185026537,21676543.5342933,3007,0.756049527670402,0.826173557280793,0.818293072347322,0.88932636003347,0.779504184850318,0.851115839222307,0.849313985154228,0.925991621081899,0.688809280366442,0.758778906516114,0.756049527670402,0.826173557280793,0.818293072347322,0.88932636003347,0.779504184850318,0.851115839222307,0.849313985154228,0.925991621081899,0.688809280366442,0.758778906516114
80,39225.070069,88638620.854902,4569,12157286,6182.60345114344,14967091.8087224,5742.17274546554,14002791.9451984,6007.74156028402,14581379.8727937,5523.18629808867,13408100.3512223,6762.32461478978,16235511.9909286,3007,0.739009065696262,0.812267750834206,0.79569184044629,0.868204430057879,0.760518733063477,0.833754151257205,0.827239885350441,0.906712038360581,0.675655231043953,0.748808291773783,0.739009065696262,0.812267750834206,0.79569184044629,0.868204430057879,0.760518733063477,0.833754151257205,0.827239885350441,0.906712038360581,0.675655231043953,0.748808291773783
81,29355.235742,64852012.896918,3416,9330242,4773.8396216801,11314941.6270649,4457.62546252626,10662021.878717,4653.66930082349,11072631.8612212,4275.32552958094,10182276.9382977,5208.26593455159,12244640.5919332,3007,0.715566560821701,0.824594797527053,0.766327280907099,0.875091244994028,0.734044423697129,0.842639953801457,0.799003485550919,0.916321767374737,0.655880487464798,0.761985778998427,0.715566560821701,0.824594797527053,0.766327280907099,0.875091244994028,0.734044423697129,0.842639953801457,0.799003485550919,0.916321767374737,0.655880487464798,0.761985778998427
82,21888.495424,44716357.833965,2442,6525531,3627.16493827426,7940111.40856166,3401.12113064283,7544115.79321013,3552.79625802727,7834614.55998228,3246.1248703879,7175863.98827703,3953.34583505681,8597191.31104016,2442,0.673253089274143,0.821843758132115,0.71799853818745,0.864982879222654,0.687345916468609,0.832910279126068,0.752281596520404,0.909372169074071,0.617704623345938,0.759030567532001,0.705545899943555,0.839451164964006,0.745869099517564,0.878326792126701,0.718245915192603,0.849423967683981,0.776763919811924,0.918329032289607,0.655487359196926,0.782845881477949
83,16498.639616,31830639.885668,1823,5130151,2767.9647263248,5745047.7302412,2600.51172461409,5501003.47431332,2718.67912852009,5713578.54819658,2472.64348901992,5204357.07713802,3013.96735135389,6220393.866854,1823,0.658606658770725,0.892969256459879,0.701015874200886,0.932584577333026,0.670546215210159,0.897887542233802,0.737267627984082,0.985741547699716,0.604850612990582,0.824730894829109,0.734183664645261,0.916663518053151,0.767204408958326,0.947508874850342,0.74348006488278,0.920493003115584,0.795430818724063,0.988898056638585,0.692328029614457,0.86353163459582
84,12399.429944,22256713.779665,1252,3805243,2084.12649509662,4064844.94869746,1951.26229196403,3914609.19116012,2042.57622108348,4066452.52274834,1853.08989089553,3686740.18978211,2267.7521846362,4401462.99364232,1252,0.600731290996786,0.936134845984557,0.641635932368584,0.972062040980466,0.612951422363998,0.935764767623107,0.675628314714379,1.03214297838137,0.5520885432201,0.864540496079707,0.742367453668447,0.958790303673101,0.76876162550251,0.981972723233237,0.750252628463388,0.958551506521077,0.790695585820829,1.02074061197469,0.71098018317195,0.912593258292342
85,9382.778635,14628467.762632,838,2454463,1584.74871061623,2701102.48705282,1469.76075545595,2604955.96407748,1540.41527153389,2707006.94632743,1398.7474977049,2444493.78554753,1719.88456363384,2919750.05032875,838,0.528790460207501,0.908689326586076,0.570160821677427,0.942228211857401,0.544009148367862,0.906707315003364,0.599107416724614,1.00407823268417,0.487242003166445,0.840641478788105,0.75124640290469,0.951796692242455,0.773085999431766,0.969502017897541,0.759280415596005,0.950750379574632,0.788367034796245,1.00215291704498,0.729312788939078,0.915873932864975
86,6935.126842,7704370.326626,508,1638562,1200.90616597114,1557079.37606841,1096.77018607034,1507091.54892319,1149.58334129589,1559146.06669693,1048.82837218324,1414951.96986971,1295.57370914229,1669686.16666719,508,0.423013899332588,1.05233042398733,0.463178162984292,1.08723454867141,0.441899235793855,1.05093553131383,0.484349978960378,1.15803365406875,0.392104282770844,0.981359271407682,0.762845978560062,1.02150895918965,0.779354377344985,1.03585532476778,0.770608268644442,1.0209356275156,0.788056460972489,1.06495531962018,0.750141443978891,0.992338249148246
87,5985.527158,4629099.756041,285,817935,1031.8555102656,904529.825092026,925.7365521016,866518.13837295,971.19080566299,898670.076783193,890.93346747138,820682.283067354,1109.67722087456,974132.456890099,285,0.276201461507572,0.904265373357683,0.307862965282072,0.943932923938356,0.293454178456151,0.910161605611499,0.319889206551953,0.99665244014153,0.25683144128649,0.839654806915318,0.777170124416176,0.97052697151309,0.786917489976714,0.982739092553037,0.78248157583074,0.972342195818831,0.790619909508384,0.99896941440594,0.771206836337549,0.950635850274105
88,5652.06923,3042423.682583,198,591614,1007.25764727853,596811.780618127,898.41673156604,568834.066742747,938.07565671379,588680.185671264,868.13619129299,545209.044424365,1076.46965343544,643716.38929017,198,0.196573340033673,0.991290753991579,0.22038770321526,1.04004671061228,0.211070395636981,1.00498371509717,0.228074813590137,1.08511406046947,0.183934585957072,0.919060023704502,0.793836337986624,0.997765159982933,0.799947233438161,1.01027620431685,0.797556361506524,1.00127884847001,0.801919787877981,1.02184073204136,0.790593164771749,0.979230360718855
89,5449.473971,2344752.362187,114,348303,1010.26057221816,443709.139578434,903.21245470812,408980.629645946,936.26664603278,424033.285997846,872.56879862686,397476.392682902,1072.58704178179,477635.396676106,114,0.112842174717061,0.784980449875161,0.126216151477716,0.851636910778696,0.121760184967658,0.821404855471108,0.130648723836331,0.876286004431636,0.106285080426314,0.729223592773614,0.827262512160225,0.958133788750432,0.829866543914469,0.971112392192378,0.828998927759925,0.965225943200734,0.83072960502048,0.97591178909087,0.825985787813065,0.947277434727413
90,5589.24758,1978216.492501,76,310668,1093.90957930627,372064.588320319,995.86377806758,333613.819368872,1028.49974762508,345205.423788167,953.9686327394,328589.207031109,1157.81481774875,398418.539987339,76,0.0694755777238895,0.834984058554207,0.0763156585004768,0.931220417031043,0.073894038550318,0.899951097496774,0.0796671896661421,0.945460147054033,0.0656408942388335,0.779752869958995,0.852066048458281,0.973765911242027,0.853153478464331,0.989065482591955,0.852768491461536,0.984094313765015,0.853686301931596,0.991329302305612,0.851456413861622,0.964985305616169
91,6140.539189,1512556.288947,40,182911,1268.98695605011,280990.787204828,1181.67808977391,250069.909239679,1218.11489379058,257636.342412582,1117.23855381659,247879.4581503,1341.47647953152,301575.509228486,40,0.0315212065886834,0.650950167510891,0.0338501664253191,0.731439462493222,0.032837624926764,0.709958068365541,0.0358025596801653,0.73790301691354,0.0298178914131756,0.606518083872053,0.888299942388251,0.959742137191179,0.888568554307993,0.969025416234376,0.888451772252988,0.966547847310857,0.888793734704849,0.969770893993969,0.888103489554663,0.954617537317612
92,6687.280742,1207254.073553,47,219427,1454.94847704363,233011.722419331,1382.30582544491,211281.797537131,1422.76329053008,217597.846155196,1288.17518216648,207899.364390417,1535.72367203133,251404.705878121,47,0.0323035493981898,0.941699403453686,0.0340011588860031,1.03855136863571,0.0330343074725305,1.00840612109506,0.036485720770489,1.05544815225089,0.0306044641076817,0.872803869098523,0.879017831935284,0.992711213764138,0.879230068402861,1.00481972229671,0.879109191882,1.0010509398422,0.879540690275339,1.00693217141628,0.878805410961698,0.984097840106436
93,6200.268612,879036.924,47,201927,1422.13065991803,171434.109499303,1370.40938777779,161271.204046707,1407.98015423331,165973.944642095,1259.02248725212,157133.80845395,1497.42812672767,187085.749824682,47,0.0330490026863699,1.17786944844148,0.0342963208068894,1.25209581706551,0.0333811523256824,1.21661867129466,0.0373305484817668,1.28506399728214,0.0313871491800472,1.07932859765763,0.879111029089142,1.02223737773508,0.879266969777354,1.03151721646769,0.879152554697158,1.02708183592099,0.879646311297394,1.03563892417601,0.878903262862372,1.00991772340199
94,2916.294596,506132.130813,23,51897,704.291766240999,98543.6812960751,681.030494321421,95539.4255706434,698.390608907779,98248.2178458609,619.66329483851,92849.2192756646,739.80491011318,108546.623380621,23,0.0326569201891389,0.52663955027289,0.0337723496844546,0.543199832844154,0.0329328597874046,0.528223321886814,0.0371169313909323,0.558938463940342,0.0310892773021489,0.478107916982568,0.915398564309096,0.958601064625349,0.915496117016802,0.960049386022604,0.915422697304581,0.958739577377589,0.915788625869203,0.961425847811949,0.915261462135464,0.954356607887634
95,177.017434,395627.206596,25,81983,37.87475208818,81669.9464289269,36.47610012743,78861.1047682062,37.38486307988,80960.3296501172,35.68872939588,76651.2907420685,41.21863970457,89011.2451512574,25,0.660070327108544,1.00383315509268,0.685380287713379,1.03958726219941,0.668719849169506,1.01263174636643,0.700501262532649,1.06955798403803,0.606521713942641,0.921040929836289,0.96900494818983,1.00034951006096,0.971312730071851,1.00360959733952,0.969793618334841,1.00115177245267,0.972691472309788,1.00634235105377,0.964122344016673,0.992800450605592
96,122.052362,271009.735157,9,23696,26.38679834438,58655.8489577998,25.22222121292,56138.688691267,25.8312024665,57538.5781236026,25.04465390056,54928.4266528642,28.48358613482,63090.0069298307,9,0.34107965212524,0.403983582558803,0.356828208111575,0.422097497330503,0.348415835912863,0.411828042554284,0.359358130311346,0.431397756024465,0.315971449571017,0.375590385120022,0.963951478291203,0.967392855855451,0.964813057637154,0.968383840353024,0.964352829655417,0.967822014231502,0.964951465800802,0.968892643243249,0.962577847035522,0.965839507567521
97,35.497534,221973.98552,8,73283,8.22554758487,54147.6620524887,7.87644416798,52390.0876313411,8.05062065978,53597.9520766194,7.88861979931,49640.2598866246,8.76553658411,57237.0289437238,8,0.972579626761278,1.35339176655425,1.01568675272559,1.39879514070826,0.993712204074787,1.36727238934876,1.01411909859057,1.47628155387127,0.912665177223976,1.28034248723939,0.998585667108291,1.01822781895583,1.00080911700766,1.02056970850276,0.999675677770103,1.01894377643769,1.0007282579768,1.02456642954819,0.995495301563976,1.01445996366257
98,19.342023,173388.271726,6,101822,4.82501048715,45274.4347310463,4.65000416014,44209.0996024117,4.74507917597,45128.0537000906,4.63793469445,42042.1890718166,5.10157225495,47775.5471617925,6,1.2435206132669,2.2489955005485,1.29032142625424,2.30319099270788,1.26446783657166,2.25629052554942,1.2936792765064,2.42190053010958,1.1761080114426,2.13125764222393,1.01087788942713,1.05579172443632,1.01296844784823,1.0582125978205,1.01181358672132,1.05611758791975,1.0131184405871,1.06351526688198,1.00786661732658,1.05053245957549
99,12.2053,71297.521048,4,20157,2.93759178065,17694.1318525941,2.96144911221,17828.0593046087,3.01761379486,18165.1339024414,3.05795456658,18023.2683300238,3.20095491111,19165.4616800733,4,1.36165958331859,1.13919123966768,1.35069010083883,1.13063343887291,1.32555067411653,1.10965325707238,1.30806390772299,1.11838761044365,1.2496270991249,1.05173568664707,1.01319056077365,1.00507662617191,1.01279047839791,1.00476450340044,1.01187358540988,1.00399930768644,1.01123580262882,1.00431786973837,1.00910447717586,1.00188692004957
100,10.104768,58029.013254,2,10441,2.47469296053,14236.5059729363,2.63320069189,15143.6424281915,2.67798049101,15401.0833400353,2.72519146013,15656.545598696,2.74317080998,15774.1033088554,2,0.808181068075477,0.733396243421554,0.759531928637192,0.689464245442232,0.746831430144474,0.677939322155248,0.733893390339846,0.666877628540843,0.729083290301774,0.661907672060101,0.99505302458301,0.99312433753729,0.993798372112348,0.991991339288147,0.993470828562832,0.991694113609683,0.993137158866023,0.991408834540346,0.993013107259631,0.99128066026533
101,2.83287,9161.343914,0,0,0.8935666543,2964.34061298894,0.9344196141,3082.35180686862,0.9475935045,3125.5261029611,0.8630846414,2807.82168150744,0.9431958279,3113.04479821246,0,0,0,0,0,0,0,0,0,0,0,1,1,1,1,1,1,1,1,1,1
102,2,4738,0,0,0.6867,1626.7923,0.7166,1697.6254,0.72484,1717.14596,0.6565,1555.2485,0.71744,1699.61536,0,0,0,0,0,0,0,0,0,0,0,1,1,1,1,1,1,1,1,1,1
103,2.753409,6578.361235,0,0,0.94382012822,2246.94565427794,0.99618665451,2374.04152611857,1.00535227327,2395.93147543773,0.95329561183,2276.10245280285,0.98203793663,2338.21550048653,0,0,0,0,0,0,0,0,0,0,0,1,1,1,1,1,1,1,1,1,1
104,3,4258,0,0,1.09255,1483.47015,1.13654,1566.32794,1.14382,1576.71627,1.10463,1556.36578,1.1265,1523.0411,0,0,0,0,0,0,0,0,0,0,0,1,1,1,1,1,1,1,1,1,1
105,2.030137,2728.526049,0,0,0.77379460831,978.59722730487,0.78994573158,1022.58429870166,0.79268460831,1026.40781730487,0.78912751223,1050.75575678671,0.78533989617,974.61198626009,0,0,0,0,0,0,0,0,0,0,0,1,1,1,1,1,1,1,1,1,1
106,2,2681,0,0,0.81856,1047.44535,0.80998,1058.37288,0.81042,1058.43888,0.81965,1091.0621,0.8198,1018.226,0,0,0,0,0,0,0,0,0,0,0,1,1,1,1,1,1,1,1,1,1
107,1.161659,572.168713,0,0,0.52329751433,246.65158205467,0.49244442485,235.48181608495,0.49244442485,235.48181608495,0.50112408786,245.18385384438,0.53301326082,239.65314693942,0,0,0,0,0,0,0,0,0,0,0,1,1,1,1,1,1,1,1,1,1
